"weekly_Date","Open","High","Low","Close","Volume","Adj.Close","weekly_returns","start.date","end.date","debt.volume","relative_changethree","relative_changetwo","relative_changeone"
2004-01-26,"10,568.00","10,705.20","10,561.90",10702.5,"1,861,700",10702.5,0.0193633800670527,"2004-01-25 00:00:00","2004-01-31 00:00:00",25,-0.333333333333332,-0.5,0
2004-02-02,"10,487.80","10,569.00","10,434.70",10499.2,"2,248,000",10499.2,-0.00754324605350221,"2004-02-01 00:00:00","2004-02-07 00:00:00",23,-2.33333333333333,-2,-2
2004-02-09,"10,592.00","10,618.50","10,564.40",10579,"1,607,200",10579,-0.00288418036495253,"2004-02-08 00:00:00","2004-02-14 00:00:00",24,-0.333333333333332,0,1
2004-02-23,"10,619.60","10,645.00","10,560.40",10609.6,"2,299,500",10609.6,-0.00641499892302932,"2004-02-22 00:00:00","2004-02-28 00:00:00",25,1.33333333333333,1,1
2004-03-01,"10,582.30","10,695.60","10,582.20",10678.1,"1,850,300",10678.1,0.0141127308989031,"2004-02-29 00:00:00","2004-03-06 00:00:00",24,-0.333333333333332,-0.5,-1
2004-03-08,"10,595.40","10,634.30","10,526.90",10529.5,"1,993,000",10529.5,0.0422254996090232,"2004-03-07 00:00:00","2004-03-13 00:00:00",24,-0.333333333333332,-0.5,0
2004-03-15,"10,238.50","10,241.10","10,092.50",10102.9,"2,191,500",10102.9,0.00378547015340591,"2004-03-14 00:00:00","2004-03-20 00:00:00",24,-0.333333333333332,0,0
2004-03-22,"10,185.90","10,186.20","10,012.20",10064.8,"2,489,300",10064.8,-0.0256350681536556,"2004-03-21 00:00:00","2004-03-27 00:00:00",22,-2,-2,-2
2004-03-29,"10,212.90","10,350.50","10,212.90",10329.6,"1,971,500",10329.6,-0.021669949992423,"2004-03-28 00:00:00","2004-04-03 00:00:00",23,-0.333333333333332,0,1
2004-04-05,"10,470.60","10,558.70","10,465.60",10558.4,"1,821,300",10558.4,0.00407014340598733,"2004-04-04 00:00:00","2004-04-10 00:00:00",23,0,0.5,0
2004-04-12,"10,444.40","10,526.30","10,443.80",10515.6,"1,421,900",10515.6,0.00744402609720352,"2004-04-11 00:00:00","2004-04-17 00:00:00",24,1.33333333333333,1,1
2004-04-19,"10,451.60","10,451.80","10,399.50",10437.9,"1,733,400",10437.9,-0.000651047899891899,"2004-04-18 00:00:00","2004-04-24 00:00:00",23,-0.333333333333332,-0.5,-1
2004-04-26,"10,472.90","10,512.80","10,418.10",10444.7,"1,830,400",10444.7,0.0126720961799496,"2004-04-25 00:00:00","2004-05-01 00:00:00",23,-0.333333333333332,-0.5,0
2004-05-03,"10,227.30","10,329.10","10,227.10",10314,"1,988,300",10314,0.0324324324324323,"2004-05-02 00:00:00","2004-05-08 00:00:00",22,-1.33333333333333,-1,-1
2004-05-10,"10,116.30","10,116.30","9,932.70",9990,"2,721,300",9990,0.00838809314720046,"2004-05-09 00:00:00","2004-05-15 00:00:00",23,0.333333333333332,0.5,1
2004-05-17,"10,009.90","10,009.90","9,862.80",9906.9,"1,996,600",9906.9,-0.00517151349614398,"2004-05-16 00:00:00","2004-05-22 00:00:00",22,-0.666666666666668,-0.5,-1
2004-05-24,"9,968.00","10,045.50","9,927.10",9958.4,"1,870,000",9958.4,-0.0416414046636064,"2004-05-23 00:00:00","2004-05-29 00:00:00",23,0.666666666666668,0.5,1
2004-06-07,"10,243.30","10,391.20","10,243.30",10391.1,"1,724,900",10391.1,0.00545734273854093,"2004-06-06 00:00:00","2004-06-12 00:00:00",24,1.33333333333333,1,1
2004-06-14,"10,401.20","10,401.30","10,307.10",10334.7,"1,665,300",10334.7,-0.00354818492985576,"2004-06-13 00:00:00","2004-06-19 00:00:00",22,-1.33333333333333,-1.5,-2
2004-06-21,"10,417.80","10,440.10","10,363.40",10371.5,"1,753,000",10371.5,0.00139035058076109,"2004-06-20 00:00:00","2004-06-26 00:00:00",23,0,0,1
2004-06-28,"10,377.50","10,464.40","10,337.70",10357.1,"2,311,000",10357.1,0.0116133695376139,"2004-06-27 00:00:00","2004-07-03 00:00:00",25,2,2.5,2
2004-07-12,"10,211.80","10,257.10","10,162.20",10238.2,"1,555,200",10238.2,0.0142756659830992,"2004-07-11 00:00:00","2004-07-17 00:00:00",23,0,0,2
2004-07-19,"10,141.00","10,148.60","10,063.30",10094.1,"1,983,800",10094.1,0.0132705608367882,"2004-07-18 00:00:00","2004-07-24 00:00:00",23,0,1,0
2004-07-26,"9,964.70","10,003.80","9,913.90",9961.9,"2,212,400",9961.9,-0.0213474536309338,"2004-07-25 00:00:00","2004-07-31 00:00:00",25,2.66666666666667,2,2
2004-08-02,"10,138.50","10,203.60","10,101.40",10179.2,"1,773,300",10179.2,0.0371381702955771,"2004-08-01 00:00:00","2004-08-07 00:00:00",23,-0.666666666666668,-1,-2
2004-08-09,"9,816.10","9,858.70","9,811.10",9814.7,"1,483,200",9814.7,-0.0140538042713921,"2004-08-08 00:00:00","2004-08-14 00:00:00",20,-3.66666666666667,-4,-3
2004-08-16,"9,825.40","9,967.10","9,825.40",9954.6,"1,763,900",9954.6,-0.0117640051225542,"2004-08-15 00:00:00","2004-08-21 00:00:00",21,-1.66666666666667,-0.5,1
2004-08-23,"10,111.10","10,131.10","10,068.00",10073.1,"1,445,000",10073.1,-0.00488021733761423,"2004-08-22 00:00:00","2004-08-28 00:00:00",22,0.666666666666668,1.5,1
2004-08-30,"10,193.80","10,196.80","10,122.50",10122.5,"1,148,500",10122.5,-0.0186431147477411,"2004-08-29 00:00:00","2004-09-04 00:00:00",21,0,-0.5,-1
2004-09-13,"10,306.70","10,348.40","10,292.60",10314.8,"2,032,000",10314.8,0.0107693362992287,"2004-09-12 00:00:00","2004-09-18 00:00:00",24,2,2,1
2004-09-20,"10,283.90","10,283.90","10,187.20",10204.9,"2,223,600",10204.9,0.0216649146518495,"2004-09-19 00:00:00","2004-09-25 00:00:00",24,1.33333333333333,0.5,0
2004-09-27,"10,046.70","10,046.70","9,985.40",9988.5,"1,987,100",9988.5,-0.0223168404052269,"2004-09-26 00:00:00","2004-10-02 00:00:00",25,1.33333333333333,1,1
2004-10-04,"10,191.40","10,270.40","10,191.40",10216.5,"2,531,900",10216.5,0.0133406070224162,"2004-10-03 00:00:00","2004-10-09 00:00:00",24,-0.333333333333332,-0.5,-1
2004-10-11,"10,056.10","10,098.80","10,056.10",10082,"1,571,800",10082,0.0126251720016473,"2004-10-10 00:00:00","2004-10-16 00:00:00",26,1.66666666666667,1.5,2
2004-10-18,"9,933.00","9,960.20","9,861.60",9956.3,"2,278,400",9956.3,0.0211589743589742,"2004-10-17 00:00:00","2004-10-23 00:00:00",24,-1,-1,-2
2004-10-25,"9,757.20","9,777.90","9,708.40",9750,"2,333,700",9750,-0.0302753023551877,"2004-10-24 00:00:00","2004-10-30 00:00:00",24,-0.666666666666668,-1,0
2004-11-01,"10,028.70","10,076.60","10,010.20",10054.4,"2,670,400",10054.4,-0.0324213524775533,"2004-10-31 00:00:00","2004-11-06 00:00:00",27,2.33333333333333,3,3
2004-11-08,"10,385.20","10,405.70","10,361.40",10391.3,"2,580,400",10391.3,-0.0150613258516428,"2004-11-07 00:00:00","2004-11-13 00:00:00",25,0,-0.5,-2
2004-11-15,"10,541.90","10,563.00","10,517.10",10550.2,"2,664,600",10550.2,0.00579632772131866,"2004-11-14 00:00:00","2004-11-20 00:00:00",28,2.66666666666667,2,3
2004-11-22,"10,455.70","10,508.00","10,432.00",10489.4,"2,404,100",10489.4,0.00128867209499894,"2004-11-21 00:00:00","2004-11-27 00:00:00",22,-4.66666666666667,-4.5,-6
2004-11-29,"10,520.60","10,557.40","10,417.10",10475.9,"2,476,700",10475.9,-0.00675067080050451,"2004-11-28 00:00:00","2004-12-04 00:00:00",24,-1,-1,2
2004-12-06,"10,591.30","10,592.00","10,526.80",10547.1,"2,186,600",10547.1,-0.00857279828544022,"2004-12-05 00:00:00","2004-12-11 00:00:00",25,0.333333333333332,2,1
2004-12-13,"10,543.40","10,642.50","10,543.20",10638.3,"2,575,300",10638.3,-0.0021854130712089,"2004-12-12 00:00:00","2004-12-18 00:00:00",20,-3.66666666666667,-4.5,-5
2004-12-20,"10,652.10","10,735.30","10,652.10",10661.6,"2,986,500",10661.6,-0.0106253653919322,"2004-12-19 00:00:00","2004-12-25 00:00:00",17,-6,-5.5,-3
2004-12-27,"10,828.00","10,868.10","10,776.10",10776.1,"1,701,400",10776.1,0.00435252670233188,"2004-12-26 00:00:00","2005-01-01 00:00:00",20,-0.666666666666668,1.5,3
2005-01-03,"10,783.80","10,867.40","10,710.10",10729.4,"2,706,200",10729.4,0.0102061952735146,"2005-01-02 00:00:00","2005-01-08 00:00:00",24,5,5.5,4
2005-01-10,"10,603.40","10,663.70","10,582.40",10621,"2,341,600",10621,0.0243427270798371,"2005-01-09 00:00:00","2005-01-15 00:00:00",24,3.66666666666667,2,0
2005-01-24,"10,393.60","10,442.90","10,368.60",10368.6,"2,591,700",10368.6,-0.0115635039418869,"2005-01-23 00:00:00","2005-01-29 00:00:00",24,0,0,0
2005-01-31,"10,428.80","10,510.20","10,428.80",10489.9,"2,980,600",10489.9,-0.0210810205490957,"2005-01-30 00:00:00","2005-02-05 00:00:00",23,-1,-1,-1
2005-02-07,"10,715.80","10,733.50","10,699.70",10715.8,"2,180,400",10715.8,-0.00697797258852217,"2005-02-06 00:00:00","2005-02-12 00:00:00",23,-0.666666666666668,-0.5,0
2005-02-14,"10,795.70","10,802.30","10,773.20",10791.1,"2,153,700",10791.1,0.002312793743382,"2005-02-13 00:00:00","2005-02-19 00:00:00",22,-1.33333333333333,-1,-1
2005-02-28,"10,842.10","10,842.10","10,730.50",10766.2,"2,881,600",10766.2,-0.0156077133374173,"2005-02-27 00:00:00","2005-03-05 00:00:00",25,2,2,1
2005-03-07,"10,940.60","10,984.50","10,931.50",10936.9,"2,291,200",10936.9,0.0122541533620251,"2005-03-06 00:00:00","2005-03-12 00:00:00",23,-0.666666666666668,-1.5,-2
2005-03-14,"10,773.90","10,805.50","10,754.40",10804.5,"2,370,500",10804.5,0.0226304730535523,"2005-03-13 00:00:00","2005-03-19 00:00:00",22,-2,-2,-1
2005-03-21,"10,629.90","10,630.50","10,534.10",10565.4,"2,545,600",10565.4,0.00760082779404314,"2005-03-20 00:00:00","2005-03-26 00:00:00",22,-1.33333333333333,-0.5,0
2005-03-28,"10,444.10","10,533.60","10,440.00",10485.7,"2,138,200",10485.7,0.00619896172189116,"2005-03-27 00:00:00","2005-04-02 00:00:00",22,-0.333333333333332,0,0
2005-04-04,"10,401.70","10,444.30","10,356.70",10421.1,"2,938,000",10421.1,-0.00263193155063834,"2005-04-03 00:00:00","2005-04-09 00:00:00",23,1,1,1
2005-04-11,"10,462.10","10,482.20","10,438.40",10448.6,"1,927,200",10448.6,0.0374628895971723,"2005-04-10 00:00:00","2005-04-16 00:00:00",25,2.66666666666667,2.5,2
2005-04-18,"10,088.50","10,105.40","10,020.90",10071.3,"3,012,200",10071.3,-0.0167146692701978,"2005-04-17 00:00:00","2005-04-23 00:00:00",23,-0.333333333333332,-1,-2
2005-04-25,"10,158.50","10,260.20","10,158.50",10242.5,"2,312,100",10242.5,-0.000897412136523723,"2005-04-24 00:00:00","2005-04-30 00:00:00",25,1.33333333333333,1,2
2005-05-02,"10,192.00","10,258.40","10,188.10",10251.7,"2,396,100",10251.7,-0.0127692766965514,"2005-05-01 00:00:00","2005-05-07 00:00:00",23,-1.33333333333333,-1,-2
2005-05-09,"10,345.40","10,384.90","10,320.10",10384.3,"2,046,000",10384.3,0.0128751597202579,"2005-05-08 00:00:00","2005-05-14 00:00:00",22,-1.66666666666667,-2,-1
2005-05-16,"10,139.60","10,255.30","10,138.30",10252.3,"2,172,300",10252.3,-0.0257801512790301,"2005-05-15 00:00:00","2005-05-21 00:00:00",22,-1.33333333333333,-0.5,0
2005-05-23,"10,472.80","10,560.80","10,466.10",10523.6,"2,252,900",10523.6,0.00540747109964657,"2005-05-22 00:00:00","2005-05-28 00:00:00",20,-2.33333333333333,-2,-2
2005-06-06,"10,461.60","10,481.00","10,431.00",10467,"1,702,000",10467,-0.00528386520441715,"2005-06-05 00:00:00","2005-06-11 00:00:00",20,-1,-0.5,-1
2005-06-13,"10,503.60","10,589.20","10,474.40",10522.6,"2,056,300",10522.6,-0.00815337776060177,"2005-06-12 00:00:00","2005-06-18 00:00:00",23,2.66666666666667,2.5,3
2005-06-20,"10,621.50","10,637.60","10,562.40",10609.1,"1,731,100",10609.1,0.0309305398997164,"2005-06-19 00:00:00","2005-06-25 00:00:00",22,0.666666666666668,0.5,-1
2005-06-27,"10,298.10","10,332.10","10,253.50",10290.8,"2,205,100",10290.8,-0.0217591756418911,"2005-06-26 00:00:00","2005-07-02 00:00:00",20,-1.66666666666667,-2.5,-2
2005-07-11,"10,449.60","10,534.20","10,449.60",10519.7,"2,254,700",10519.7,-0.00522931442080377,"2005-07-10 00:00:00","2005-07-16 00:00:00",22,1.33333333333333,2,2
2005-07-18,"10,640.20","10,640.20","10,575.00",10575,"2,062,900",10575,-0.00202897183032136,"2005-07-17 00:00:00","2005-07-23 00:00:00",22,1.33333333333333,1,0
2005-07-25,"10,651.70","10,686.50","10,591.60",10596.5,"1,902,500",10596.5,-0.0025133669704045,"2005-07-24 00:00:00","2005-07-30 00:00:00",21,-0.333333333333332,-1,-1
2005-08-01,"10,641.80","10,672.40","10,610.90",10623.2,"1,927,900",10623.2,0.00819026468885542,"2005-07-31 00:00:00","2005-08-06 00:00:00",21,-0.666666666666668,-0.5,0
2005-08-08,"10,557.20","10,606.00","10,524.90",10536.9,"1,858,800",10536.9,-0.00916835928684268,"2005-08-07 00:00:00","2005-08-13 00:00:00",19,-2.33333333333333,-2,-2
2005-08-15,"10,599.20","10,655.10","10,557.90",10634.4,"1,733,400",10634.4,0.00610223370135943,"2005-08-14 00:00:00","2005-08-20 00:00:00",20,-0.333333333333332,0,1
2005-08-22,"10,559.20","10,641.20","10,524.00",10569.9,"2,155,700",10569.9,0.0102072999397884,"2005-08-21 00:00:00","2005-08-27 00:00:00",20,0,0.5,0
2005-08-29,"10,396.90","10,487.50","10,349.40",10463.1,"2,029,700",10463.1,-0.0205749375169663,"2005-08-28 00:00:00","2005-09-03 00:00:00",21,1.33333333333333,1,1
2005-09-12,"10,678.40","10,701.80","10,664.10",10682.9,"2,011,900",10682.9,0.0118682276274911,"2005-09-11 00:00:00","2005-09-17 00:00:00",23,3,3,4
2005-09-19,"10,641.90","10,644.60","10,521.20",10557.6,"2,335,300",10557.6,0.010915776169137,"2005-09-18 00:00:00","2005-09-24 00:00:00",23,2,2,0
2005-09-26,"10,420.20","10,509.20","10,410.10",10443.6,"2,343,200",10443.6,-0.00872288927910392,"2005-09-25 00:00:00","2005-10-01 00:00:00",21,-0.666666666666668,-2,-2
2005-10-03,"10,569.50","10,608.60","10,523.60",10535.5,"2,391,900",10535.5,0.0289780052349886,"2005-10-02 00:00:00","2005-10-08 00:00:00",21,-1.33333333333333,-1,0
2005-10-10,"10,293.00","10,323.10","10,237.80",10238.8,"2,365,400",10238.8,-0.0105623254510491,"2005-10-09 00:00:00","2005-10-15 00:00:00",22,0.333333333333332,1,1
2005-10-17,"10,287.40","10,351.00","10,269.80",10348.1,"2,428,800",10348.1,-0.00355320173326912,"2005-10-16 00:00:00","2005-10-22 00:00:00",20,-1.33333333333333,-1.5,-2
2005-10-24,"10,216.10","10,387.00","10,216.10",10385,"2,636,900",10385,-0.00527772722483499,"2005-10-23 00:00:00","2005-10-29 00:00:00",21,0,0,1
2005-10-31,"10,403.20","10,486.70","10,403.20",10440.1,"3,200,800",10440.1,-0.0138009861895676,"2005-10-30 00:00:00","2005-11-05 00:00:00",21,0,0.5,0
2005-11-07,"10,531.20","10,593.40","10,520.40",10586.2,"2,412,600",10586.2,-0.0103765471338294,"2005-11-06 00:00:00","2005-11-12 00:00:00",21,0.333333333333332,0,0
2005-11-14,"10,686.60","10,710.10","10,674.30",10697.2,"2,112,900",10697.2,-0.011376764045359,"2005-11-13 00:00:00","2005-11-19 00:00:00",22,1,1,1
2005-11-21,"10,766.30","10,835.30","10,761.10",10820.3,"2,502,800",10820.3,-0.00646423094934223,"2005-11-20 00:00:00","2005-11-26 00:00:00",17,-4.33333333333333,-4.5,-5
2005-11-28,"10,932.70","10,951.90","10,881.60",10890.7,"2,593,600",10890.7,0.00514074757729577,"2005-11-27 00:00:00","2005-12-03 00:00:00",21,1,1.5,4
2005-12-05,"10,877.00","10,877.00","10,810.70",10835,"2,373,400",10835,0.00624082913872859,"2005-12-04 00:00:00","2005-12-10 00:00:00",21,1,2,0
2005-12-12,"10,778.70","10,811.70","10,735.10",10767.8,"2,541,300",10767.8,-0.00633968532275186,"2005-12-11 00:00:00","2005-12-17 00:00:00",20,0.333333333333332,-1,-1
2005-12-19,"10,875.50","10,922.40","10,825.60",10836.5,"3,311,700",10836.5,-0.0159282231040965,"2005-12-18 00:00:00","2005-12-24 00:00:00",15,-5.66666666666667,-5.5,-5
2006-01-09,"10,959.50","11,020.20","10,944.40",11011.9,"2,482,400",11011.9,0.030227902103136,"2006-01-08 00:00:00","2006-01-14 00:00:00",22,3.33333333333333,1.5,-1
2006-01-23,"10,668.80","10,737.00","10,666.40",10688.8,"3,660,900",10688.8,-0.0193671501573409,"2006-01-22 00:00:00","2006-01-28 00:00:00",21,-1,-0.5,0
2006-01-30,"10,908.50","10,930.50","10,887.40",10899.9,"3,236,900",10899.9,0.00940888843614274,"2006-01-29 00:00:00","2006-02-04 00:00:00",22,0.666666666666668,1,1
2006-02-06,"10,793.30","10,814.50","10,771.00",10798.3,"2,631,900",10798.3,-0.00862994959742203,"2006-02-05 00:00:00","2006-02-11 00:00:00",23,1.66666666666667,1.5,1
2006-02-13,"10,915.20","10,939.90","10,849.90",10892.3,"2,443,300",10892.3,-0.01849949538639,"2006-02-12 00:00:00","2006-02-18 00:00:00",21,-1,-1.5,-2
2006-02-27,"11,062.80","11,132.60","11,061.70",11097.6,"2,686,100",11097.6,0.01268410198383,"2006-02-26 00:00:00","2006-03-04 00:00:00",21,-1,-0.5,-1
2006-03-06,"11,022.50","11,037.10","10,929.20",10958.6,"2,925,100",10958.6,-0.0105994944023112,"2006-03-05 00:00:00","2006-03-11 00:00:00",22,0.666666666666668,0.5,1
2006-03-13,"11,067.60","11,116.70","11,056.30",11076,"2,510,200",11076,-0.0176061022661759,"2006-03-12 00:00:00","2006-03-18 00:00:00",24,2.33333333333333,2.5,2
2006-03-20,"11,278.90","11,308.40","11,259.80",11274.5,"2,474,100",11274.5,0.00216886961004792,"2006-03-19 00:00:00","2006-03-25 00:00:00",24,1.66666666666667,1,0
2006-03-27,"11,280.10","11,280.50","11,229.90",11250.1,"2,262,400",11250.1,0.00943929510358998,"2006-03-26 00:00:00","2006-04-01 00:00:00",25,1.66666666666667,1,1
2006-04-03,"11,113.00","11,247.90","11,113.00",11144.9,"2,784,400",11144.9,0.000323122077315885,"2006-04-02 00:00:00","2006-04-08 00:00:00",23,-1.33333333333333,-1.5,-2
2006-04-10,"11,119.90","11,185.50","11,117.10",11141.3,"2,073,800",11141.3,0.00609546858350329,"2006-04-09 00:00:00","2006-04-15 00:00:00",23,-1,-1,0
2006-04-17,"11,137.30","11,160.00","11,039.10",11073.8,"2,397,300",11073.8,-0.0231557033600028,"2006-04-16 00:00:00","2006-04-22 00:00:00",24,0.333333333333332,1,1
2006-04-24,"11,346.80","11,359.70","11,305.80",11336.3,"2,320,000",11336.3,-0.000617104369980526,"2006-04-23 00:00:00","2006-04-29 00:00:00",23,-0.333333333333332,-0.5,-1
2006-05-01,"11,367.80","11,428.40","11,329.40",11343.3,"3,659,700",11343.3,-0.0208209245112003,"2006-04-30 00:00:00","2006-05-06 00:00:00",21,-2.33333333333333,-2.5,-2
2006-05-08,"11,576.40","11,603.60","11,562.00",11584.5,"3,099,200",11584.5,0.0136234775304493,"2006-05-07 00:00:00","2006-05-13 00:00:00",22,-0.666666666666668,0,1
2006-05-15,"11,380.40","11,435.30","11,333.00",11428.8,"3,005,500",11428.8,0.0272801632315534,"2006-05-14 00:00:00","2006-05-20 00:00:00",21,-1,-0.5,-1
2006-05-22,"11,143.40","11,175.40","11,040.10",11125.3,"3,405,900",11125.3,0.0069329423371074,"2006-05-21 00:00:00","2006-05-27 00:00:00",21,-0.333333333333332,-0.5,0
2006-06-05,"11,247.60","11,248.80","11,040.20",11048.7,"2,549,900",11048.7,0.0237292218742473,"2006-06-04 00:00:00","2006-06-10 00:00:00",20,0,0.5,2
2006-06-12,"10,892.00","10,927.10","10,790.30",10792.6,"2,424,900",10792.6,-0.0136628252346441,"2006-06-11 00:00:00","2006-06-17 00:00:00",20,0.333333333333332,1,0
2006-06-19,"11,014.90","11,057.60","10,907.30",10942.1,"3,770,400",10942.1,-0.00934334060641173,"2006-06-18 00:00:00","2006-06-24 00:00:00",19,-0.333333333333332,-1,-1
2006-06-26,"10,990.30","11,048.70","10,973.70",11045.3,"2,027,700",11045.3,-0.0162718204488779,"2006-06-25 00:00:00","2006-07-01 00:00:00",20,0.333333333333332,0.5,1
2006-07-03,"11,149.30","11,231.30","11,149.30",11228,"1,347,900",11228,0.0112035736157643,"2006-07-02 00:00:00","2006-07-08 00:00:00",20,0.333333333333332,0.5,0
2006-07-10,"11,091.70","11,174.50","11,090.00",11103.6,"2,077,400",11103.6,0.0331428996780618,"2006-07-09 00:00:00","2006-07-15 00:00:00",25,5.33333333333333,5,5
2006-07-17,"10,739.40","10,802.70","10,714.70",10747.4,"2,516,400",10747.4,-0.0274814271882438,"2006-07-16 00:00:00","2006-07-22 00:00:00",24,2.33333333333333,1.5,-1
2006-07-24,"10,868.70","11,066.00","10,868.60",11051.1,"2,693,700",11051.1,-0.0120332209875109,"2006-07-23 00:00:00","2006-07-29 00:00:00",22,-1,-2.5,-2
2006-07-31,"11,218.90","11,219.10","11,178.30",11185.7,"2,261,900",11185.7,-0.00300372568943075,"2006-07-30 00:00:00","2006-08-05 00:00:00",20,-3.66666666666667,-3,-2
2006-08-07,"11,239.50","11,246.00","11,190.60",11219.4,"1,697,100",11219.4,0.0109480171924419,"2006-08-06 00:00:00","2006-08-12 00:00:00",19,-3,-2,-1
2006-08-14,"11,089.10","11,202.70","11,079.80",11097.9,"2,058,300",11097.9,-0.0217891424491632,"2006-08-13 00:00:00","2006-08-19 00:00:00",21,0.666666666666668,1.5,2
2006-08-21,"11,380.70","11,381.00","11,322.00",11345.1,"1,962,200",11345.1,-0.000607822410148007,"2006-08-20 00:00:00","2006-08-26 00:00:00",21,1,1,0
2006-08-28,"11,285.30","11,387.80","11,273.50",11352,"1,808,100",11352,-0.00393092797978378,"2006-08-27 00:00:00","2006-09-02 00:00:00",19,-1.33333333333333,-2,-2
2006-09-11,"11,389.90","11,421.30","11,342.20",11396.8,"2,160,000",11396.8,-0.0136910428385981,"2006-09-10 00:00:00","2006-09-16 00:00:00",21,1.33333333333333,2,2
2006-09-18,"11,560.00","11,588.40","11,528.10",11555,"1,926,800",11555,-0.00179685205342173,"2006-09-17 00:00:00","2006-09-23 00:00:00",20,0.333333333333332,0,-1
2006-09-25,"11,509.30","11,616.50","11,486.00",11575.8,"2,679,900",11575.8,-0.00810597751576636,"2006-09-24 00:00:00","2006-09-30 00:00:00",22,2,1.5,2
2006-10-02,"11,679.00","11,726.90","11,658.70",11670.4,"1,980,100",11670.4,-0.0158039433959082,"2006-10-01 00:00:00","2006-10-07 00:00:00",22,1,1,0
2006-10-09,"11,849.60","11,872.90","11,813.20",11857.8,"1,779,400",11857.8,-0.0102499040114853,"2006-10-08 00:00:00","2006-10-14 00:00:00",22,0.666666666666668,0,0
2006-10-16,"11,961.30","11,997.30","11,945.50",11980.6,"2,174,300",11980.6,-0.0112487517434327,"2006-10-15 00:00:00","2006-10-21 00:00:00",23,1,1,1
2006-10-23,"12,116.50","12,125.20","11,971.80",12116.9,"2,576,400",12116.9,0.00251520291234009,"2006-10-22 00:00:00","2006-10-28 00:00:00",22,-0.333333333333332,-0.5,-1
2006-10-30,"12,089.10","12,117.20","12,049.90",12086.5,"2,062,400",12086.5,-0.00157778218345228,"2006-10-29 00:00:00","2006-11-04 00:00:00",22,-0.333333333333332,-0.5,0
2006-11-06,"11,985.20","12,117.70","11,984.80",12105.6,"2,112,500",12105.6,-0.00216783850839519,"2006-11-05 00:00:00","2006-11-11 00:00:00",22,-0.333333333333332,0,0
2006-11-13,"12,097.70","12,164.70","12,084.80",12131.9,"1,940,500",12131.9,-0.0149880241951853,"2006-11-12 00:00:00","2006-11-18 00:00:00",21,-1,-1,-1
2006-11-20,"12,340.70","12,355.20","12,302.50",12316.5,"2,289,600",12316.5,0.0160703531682849,"2006-11-19 00:00:00","2006-11-25 00:00:00",19,-2.66666666666667,-2.5,-2
2006-11-27,"12,279.10","12,279.50","12,110.80",12121.7,"2,367,400",12121.7,-0.0132042755151051,"2006-11-26 00:00:00","2006-12-02 00:00:00",23,2.33333333333333,3,4
2006-12-04,"12,195.60","12,310.00","12,195.60",12283.9,"2,706,300",12283.9,-0.00361763393762426,"2006-12-03 00:00:00","2006-12-09 00:00:00",22,1,1,-1
2006-12-11,"12,306.20","12,354.60","12,297.60",12328.5,"2,138,500",12328.5,-0.00906657664391974,"2006-12-10 00:00:00","2006-12-16 00:00:00",20,-1.33333333333333,-2.5,-2
2006-12-18,"12,446.20","12,490.70","12,428.90",12441.3,"2,373,100",12441.3,0.00143276854348606,"2006-12-17 00:00:00","2006-12-23 00:00:00",18,-3.66666666666667,-3,-2
2007-01-08,"12,392.00","12,445.90","12,337.40",12423.5,"2,235,000",12423.5,-0.00430385022280644,"2007-01-07 00:00:00","2007-01-13 00:00:00",22,3.33333333333333,3,2
2007-01-22,"12,565.50","12,572.60","12,450.90",12477.2,"2,934,000",12477.2,-0.00108880135779921,"2007-01-21 00:00:00","2007-01-27 00:00:00",25,3.66666666666667,3,3
2007-01-29,"12,487.10","12,542.70","12,481.50",12490.8,"2,345,100",12490.8,-0.013497397663821,"2007-01-28 00:00:00","2007-02-03 00:00:00",23,0,-0.5,-2
2007-02-05,"12,653.40","12,681.20","12,629.90",12661.7,"2,041,400",12661.7,0.00869142647738319,"2007-02-04 00:00:00","2007-02-10 00:00:00",22,-1.33333333333333,-2,-1
2007-02-12,"12,580.10","12,607.50","12,536.20",12552.6,"1,749,800",12552.6,-0.00630922318184324,"2007-02-11 00:00:00","2007-02-17 00:00:00",22,-1.33333333333333,-0.5,0
2007-02-26,"12,647.90","12,697.20","12,608.50",12632.3,"2,300,800",12632.3,0.048288853482042,"2007-02-25 00:00:00","2007-03-03 00:00:00",22,-0.333333333333332,-0.5,-1
2007-03-05,"12,111.60","12,188.80","12,039.10",12050.4,"2,787,700",12050.4,-0.0217719546052312,"2007-03-04 00:00:00","2007-03-10 00:00:00",24,1.66666666666667,1.5,2
2007-03-12,"12,275.70","12,350.00","12,246.50",12318.6,"2,195,800",12318.6,0.00755754036413592,"2007-03-11 00:00:00","2007-03-17 00:00:00",22,-1,-1,-2
2007-03-19,"12,110.40","12,234.70","12,110.40",12226.2,"2,084,800",12226.2,-0.0194801549430191,"2007-03-18 00:00:00","2007-03-24 00:00:00",23,0.333333333333332,0,1
2007-03-26,"12,480.40","12,486.80","12,367.20",12469.1,"2,199,600",12469.1,0.00701000621855408,"2007-03-25 00:00:00","2007-03-31 00:00:00",24,1,1.5,1
2007-04-02,"12,354.50","12,395.00","12,324.30",12382.3,"2,094,200",12382.3,-0.0148618437278724,"2007-04-01 00:00:00","2007-04-07 00:00:00",23,0,-0.5,-1
2007-04-09,"12,562.60","12,593.60","12,555.30",12569.1,"1,915,900",12569.1,-0.0119020478754766,"2007-04-08 00:00:00","2007-04-14 00:00:00",23,-0.333333333333332,-0.5,0
2007-04-16,"12,611.60","12,731.20","12,611.30",12720.5,"2,250,200",12720.5,-0.0153954518011672,"2007-04-15 00:00:00","2007-04-21 00:00:00",22,-1.33333333333333,-1,-1
2007-04-23,"12,962.00","12,983.90","12,916.60",12919.4,"2,232,900",12919.4,-0.0109853095407605,"2007-04-22 00:00:00","2007-04-28 00:00:00",23,0.333333333333332,0.5,1
2007-04-30,"13,120.20","13,162.10","13,061.50",13062.9,"2,640,900",13062.9,-0.0187861488770376,"2007-04-29 00:00:00","2007-05-05 00:00:00",24,1.33333333333333,1.5,1
2007-05-07,"13,264.10","13,317.70","13,260.80",13313,"2,061,900",13313,-0.00253244223334426,"2007-05-06 00:00:00","2007-05-12 00:00:00",22,-1,-1.5,-2
2007-05-14,"13,325.80","13,383.80","13,297.00",13346.8,"1,996,200",13346.8,-0.0144799119834009,"2007-05-13 00:00:00","2007-05-19 00:00:00",23,0,0,1
2007-05-21,"13,556.50","13,586.00","13,529.10",13542.9,"2,155,500",13542.9,-0.00975410015866862,"2007-05-20 00:00:00","2007-05-26 00:00:00",21,-2,-1.5,-2
2007-06-04,"13,667.20","13,690.40","13,618.80",13676.3,"1,778,300",13676.3,0.0187188081936684,"2007-06-03 00:00:00","2007-06-09 00:00:00",22,0.333333333333332,1,1
2007-06-11,"13,424.40","13,478.10","13,381.60",13425,"1,833,000",13425,-0.0138103283625945,"2007-06-10 00:00:00","2007-06-16 00:00:00",23,1.66666666666667,1.5,1
2007-06-18,"13,639.00","13,667.90","13,608.80",13613,"1,743,800",13613,0.0195399974535841,"2007-06-17 00:00:00","2007-06-23 00:00:00",21,-1,-1.5,-2
2007-06-25,"13,360.10","13,488.80","13,299.80",13352.1,"2,517,200",13352.1,-0.0135422669444567,"2007-06-24 00:00:00","2007-06-30 00:00:00",22,0,0,1
2007-07-02,"13,409.60","13,537.90","13,409.50",13535.4,"1,964,100",13535.4,-0.00839560439560438,"2007-07-01 00:00:00","2007-07-07 00:00:00",20,-2,-1.5,-2
2007-07-09,"13,612.70","13,670.50","13,609.00",13650,"1,928,400",13650,-0.0215755143000502,"2007-07-08 00:00:00","2007-07-14 00:00:00",23,2,2,3
2007-07-16,"13,907.10","13,989.10","13,895.00",13951,"2,090,600",13951,0.00054506074558569,"2007-07-15 00:00:00","2007-07-21 00:00:00",22,0.333333333333332,0.5,-1
2007-07-23,"13,851.70","13,974.00","13,851.70",13943.4,"2,374,500",13943.4,0.0438004835944694,"2007-07-22 00:00:00","2007-07-28 00:00:00",23,1.33333333333333,0.5,1
2007-07-30,"13,266.20","13,397.70","13,219.10",13358.3,"2,954,500",13358.3,-0.00820414587788076,"2007-07-29 00:00:00","2007-08-04 00:00:00",23,0.333333333333332,0.5,0
2007-08-06,"13,183.10","13,470.20","13,158.60",13468.8,"3,118,100",13468.8,0.0175499565595134,"2007-08-05 00:00:00","2007-08-11 00:00:00",23,0.333333333333332,0,0
2007-08-13,"13,239.50","13,338.20","13,219.50",13236.5,"2,152,600",13236.5,0.00877192982456143,"2007-08-12 00:00:00","2007-08-18 00:00:00",22,-1,-1,-1
2007-08-20,"13,079.10","13,181.70","12,982.80",13121.4,"2,318,000",13121.4,-0.0150651924246178,"2007-08-19 00:00:00","2007-08-25 00:00:00",22,-0.666666666666668,-0.5,0
2007-08-27,"13,377.20","13,387.30","13,305.60",13322.1,"1,524,400",13322.1,0.0147929219448655,"2007-08-26 00:00:00","2007-09-01 00:00:00",21,-1.33333333333333,-1,-1
2007-09-10,"13,116.40","13,207.20","13,021.90",13127.9,"2,217,600",13127.9,-0.0205544861751495,"2007-09-09 00:00:00","2007-09-15 00:00:00",21,-0.333333333333332,0,0
2007-09-17,"13,442.00","13,451.50","13,362.40",13403.4,"1,697,100",13403.4,-0.0258519815976336,"2007-09-16 00:00:00","2007-09-22 00:00:00",23,2,2,2
2007-09-24,"13,821.60","13,874.40","13,750.90",13759.1,"2,366,900",13759.1,-0.0233183792839092,"2007-09-23 00:00:00","2007-09-29 00:00:00",25,3.33333333333333,3,2
2007-10-01,"13,895.70","14,115.50","13,893.50",14087.6,"2,057,200",14087.6,0.00312595683473726,"2007-09-30 00:00:00","2007-10-06 00:00:00",25,2,1,0
2007-10-08,"14,065.40","14,068.00","14,009.70",14043.7,"1,164,200",14043.7,0.00421171557691213,"2007-10-07 00:00:00","2007-10-13 00:00:00",23,-1.33333333333333,-2,-2
2007-10-15,"14,092.40","14,118.50","13,904.30",13984.8,"2,204,900",13984.8,0.0307953121544924,"2007-10-14 00:00:00","2007-10-20 00:00:00",25,0.666666666666668,1,2
2007-10-22,"13,521.60","13,587.20","13,407.50",13567,"2,294,400",13567,-0.0218668666142765,"2007-10-21 00:00:00","2007-10-27 00:00:00",24,-0.333333333333332,0,-1
2007-10-29,"13,807.40","13,901.40","13,805.30",13870.3,"2,079,300",13870.3,0.0241372181283872,"2007-10-28 00:00:00","2007-11-03 00:00:00",25,1,0.5,1
2007-11-05,"13,592.60","13,618.30","13,446.90",13543.4,"2,595,900",13543.4,0.0427946656811111,"2007-11-04 00:00:00","2007-11-10 00:00:00",25,0.333333333333332,0.5,0
2007-11-12,"13,039.20","13,162.60","12,981.00",12987.6,"2,919,800",12987.6,0.00225336461291525,"2007-11-11 00:00:00","2007-11-17 00:00:00",27,2.33333333333333,2,2
2007-11-19,"13,176.30","13,176.30","12,937.60",12958.4,"2,857,900",12958.4,0.0168714785692987,"2007-11-18 00:00:00","2007-11-24 00:00:00",20,-5.66666666666667,-6,-7
2007-11-26,"12,980.00","13,037.30","12,724.10",12743.4,"2,656,100",12743.4,-0.0429002748862152,"2007-11-25 00:00:00","2007-12-01 00:00:00",25,1,1.5,5
2007-12-03,"13,368.20","13,407.20","13,296.30",13314.6,"2,121,700",13314.6,-0.0300429809863771,"2007-12-02 00:00:00","2007-12-08 00:00:00",27,3,4.5,2
2007-12-10,"13,623.60","13,754.00","13,623.60",13727,"1,902,200",13727,0.0425147335804119,"2007-12-09 00:00:00","2007-12-15 00:00:00",23,-1,-3,-4
2007-12-17,"13,339.20","13,339.50","13,158.40",13167.2,"2,434,000",13167.2,-0.028250922509225,"2007-12-16 00:00:00","2007-12-22 00:00:00",20,-5,-5,-3
2007-12-24,"13,450.70","13,563.50","13,449.30",13550,"864,000",13550,0.0215005126349437,"2007-12-23 00:00:00","2007-12-29 00:00:00",21,-2.33333333333333,-0.5,1
2007-12-31,"13,364.20","13,364.70","13,246.50",13264.8,"1,672,400",13264.8,0.0340908205028259,"2007-12-30 00:00:00","2008-01-05 00:00:00",24,2.66666666666667,3.5,3
2008-01-07,"12,801.20","12,884.20","12,733.80",12827.5,"3,067,000",12827.5,0.00385813338341867,"2008-01-06 00:00:00","2008-01-12 00:00:00",29,7.33333333333333,6.5,5
2008-01-14,"12,613.80","12,794.60","12,613.70",12778.2,"2,453,700",12778.2,0.0318397273879796,"2008-01-13 00:00:00","2008-01-19 00:00:00",27,2.33333333333333,0.5,-2
2008-01-28,"12,205.70","12,386.00","12,112.10",12383.9,"2,789,900",12383.9,-0.0198888818538686,"2008-01-27 00:00:00","2008-02-02 00:00:00",28,0,0.5,0
2008-02-04,"12,743.10","12,749.80","12,621.80",12635.2,"2,374,100",12635.2,0.0322875816993464,"2008-02-03 00:00:00","2008-02-09 00:00:00",27,-0.666666666666668,-1,-1
2008-02-11,"12,181.90","12,252.10","12,069.50",12240,"2,681,000",12240,-0.0262684762374505,"2008-02-10 00:00:00","2008-02-16 00:00:00",26,-1.66666666666667,-1.5,-1
2008-02-25,"12,380.80","12,584.60","12,341.00",12570.2,"2,886,000",12570.2,0.0253937955281469,"2008-02-24 00:00:00","2008-03-01 00:00:00",28,1.66666666666667,2,2
2008-03-03,"12,264.40","12,281.40","12,161.10",12258.9,"2,597,300",12258.9,0.044181530127255,"2008-03-02 00:00:00","2008-03-08 00:00:00",27,0.333333333333332,0,-1
2008-03-10,"11,893.00","11,926.50","11,731.60",11740.2,"3,120,200",11740.2,-0.0193864169791935,"2008-03-09 00:00:00","2008-03-15 00:00:00",26,-1,-1.5,-1
2008-03-17,"11,946.50","12,076.20","11,756.60",11972.3,"3,828,900",11972.3,-0.045925441881963,"2008-03-16 00:00:00","2008-03-22 00:00:00",25,-2,-1.5,-1
2008-03-24,"12,362.00","12,622.10","12,362.00",12548.6,"2,643,200",12548.6,0.023297914848853,"2008-03-23 00:00:00","2008-03-29 00:00:00",27,1,1.5,2
2008-03-31,"12,215.90","12,326.50","12,176.10",12262.9,"2,736,100",12262.9,-0.0277108242681805,"2008-03-30 00:00:00","2008-04-05 00:00:00",25,-1,-1,-2
2008-04-07,"12,612.60","12,733.70","12,583.30",12612.4,"1,980,700",12612.4,0.0252233358532283,"2008-04-06 00:00:00","2008-04-12 00:00:00",26,0.333333333333332,0,1
2008-04-14,"12,324.80","12,367.60","12,280.40",12302.1,"2,160,100",12302.1,-0.0407719298245613,"2008-04-13 00:00:00","2008-04-19 00:00:00",27,1,1.5,1
2008-04-21,"12,850.90","12,850.90","12,751.20",12825,"1,924,000",12825,-0.00363585512515729,"2008-04-20 00:00:00","2008-04-26 00:00:00",26,0,-0.5,-1
2008-04-28,"12,890.80","12,938.80","12,857.50",12871.8,"2,223,000",12871.8,-0.00753305832915696,"2008-04-27 00:00:00","2008-05-03 00:00:00",25,-1.33333333333333,-1.5,-1
2008-05-05,"13,056.60","13,058.50","12,939.70",12969.5,"1,978,100",12969.5,0.00723810411375947,"2008-05-04 00:00:00","2008-05-10 00:00:00",26,0,0.5,1
2008-05-12,"12,745.60","12,904.20","12,740.50",12876.3,"1,981,100",12876.3,-0.0116593236210683,"2008-05-11 00:00:00","2008-05-17 00:00:00",24,-1.66666666666667,-1.5,-2
2008-05-19,"12,985.40","13,136.70","12,963.80",13028.2,"1,937,700",13028.2,0.041939250467858,"2008-05-18 00:00:00","2008-05-24 00:00:00",23,-2,-2,-1
2008-06-02,"12,637.70","12,638.10","12,427.80",12503.8,"1,990,900",12503.8,0.0181998811103963,"2008-06-01 00:00:00","2008-06-07 00:00:00",23,0,0.5,1
2008-06-09,"12,210.10","12,331.90","12,195.30",12280.3,"2,663,500",12280.3,0.000912862394144565,"2008-06-08 00:00:00","2008-06-14 00:00:00",24,1.33333333333333,1.5,1
2008-06-16,"12,306.90","12,319.70","12,212.30",12269.1,"2,221,400",12269.1,0.0360315476592583,"2008-06-15 00:00:00","2008-06-21 00:00:00",23,0,-0.5,-1
2008-06-23,"11,843.80","11,987.00","11,731.10",11842.4,"1,828,700",11842.4,0.0433832599118942,"2008-06-22 00:00:00","2008-06-28 00:00:00",25,1.66666666666667,1.5,2
2008-06-30,"11,345.70","11,437.30","11,287.60",11350,"2,822,100",11350,0.0105056980056981,"2008-06-29 00:00:00","2008-07-05 00:00:00",22,-2,-2,-3
2008-07-07,"11,289.20","11,399.10","11,120.70",11232,"2,482,400",11232,0.0159924741298212,"2008-07-06 00:00:00","2008-07-12 00:00:00",26,2.66666666666667,2.5,4
2008-07-14,"11,103.60","11,239.00","11,003.70",11055.2,"2,053,600",11055.2,-0.0359369685976645,"2008-07-13 00:00:00","2008-07-19 00:00:00",26,1.66666666666667,2,0
2008-07-21,"11,495.00","11,559.70","11,423.90",11467.3,"2,128,500",11467.3,0.0302036636091669,"2008-07-20 00:00:00","2008-07-26 00:00:00",26,1.33333333333333,0,0
2008-07-28,"11,369.50","11,369.60","11,125.10",11131.1,"1,975,500",11131.1,-0.0135676432533985,"2008-07-27 00:00:00","2008-08-02 00:00:00",25,-1,-1,-1
2008-08-04,"11,326.30","11,382.20","11,221.50",11284.2,"1,702,500",11284.2,-0.0422834057577403,"2008-08-03 00:00:00","2008-08-09 00:00:00",24,-1.66666666666667,-1.5,-1
2008-08-11,"11,729.70","11,867.10","11,675.50",11782.4,"1,831,900",11782.4,0.0263951077582452,"2008-08-10 00:00:00","2008-08-16 00:00:00",23,-2,-1.5,-1
2008-08-18,"11,659.70","11,690.40","11,434.10",11479.4,"1,562,900",11479.4,0.00817649280275412,"2008-08-17 00:00:00","2008-08-23 00:00:00",25,1,1.5,2
2008-08-25,"11,626.20","11,626.30","11,362.60",11386.3,"1,486,100",11386.3,-0.0108073357832279,"2008-08-24 00:00:00","2008-08-30 00:00:00",25,1,1,0
2008-09-08,"11,224.90","11,570.70","11,224.80",11510.7,"2,730,000",11510.7,0.0543347836043051,"2008-09-07 00:00:00","2008-09-13 00:00:00",28,2.66666666666667,2.5,2
2008-09-15,"11,416.40","11,416.50","10,917.50",10917.5,"4,329,700",10917.5,-0.00891454923427482,"2008-09-14 00:00:00","2008-09-20 00:00:00",33,6.66666666666667,6,5
2008-09-22,"11,394.40","11,394.60","10,992.20",11015.7,"2,132,100",11015.7,0.0627273165790363,"2008-09-21 00:00:00","2008-09-27 00:00:00",37,8,6.5,4
2008-09-29,"11,139.60","11,139.90","10,365.50",10365.5,"3,859,400",10365.5,0.0411832655316158,"2008-09-28 00:00:00","2008-10-04 00:00:00",36,3.33333333333334,1,-1
2008-10-06,"10,322.50","10,322.80","9,525.30",9955.5,"3,914,600",9955.5,0.0604946951297456,"2008-10-05 00:00:00","2008-10-11 00:00:00",39,3.66666666666666,2.5,3
2008-10-13,"8,462.40","9,428.00","8,462.20",9387.6,"3,992,900",9387.6,0.0131888531525892,"2008-10-12 00:00:00","2008-10-18 00:00:00",33,-4.33333333333334,-4.5,-6
2008-10-20,"8,852.30","9,266.60","8,852.20",9265.4,"2,414,000",9265.4,0.133271361823919,"2008-10-19 00:00:00","2008-10-25 00:00:00",31,-5,-5,-2
2008-10-27,"8,375.90","8,599.10","8,143.60",8175.8,"2,811,800",8175.8,-0.122749415223503,"2008-10-26 00:00:00","2008-11-01 00:00:00",31,-3.33333333333334,-1,0
2008-11-03,"9,326.00","9,410.60","9,255.50",9319.8,"1,809,700",9319.8,0.0506510343272644,"2008-11-02 00:00:00","2008-11-08 00:00:00",29,-2.66666666666667,-2,-2
2008-11-10,"8,946.60","9,159.60","8,760.50",8870.5,"2,212,300",8870.5,0.0721451363372654,"2008-11-09 00:00:00","2008-11-15 00:00:00",33,2.66666666666667,3,4
2008-11-17,"8,494.80","8,571.30","8,246.90",8273.6,"2,782,200",8273.6,-0.0201103820735722,"2008-11-16 00:00:00","2008-11-22 00:00:00",31,0,0,-2
2008-11-24,"8,048.10","8,599.00","8,048.10",8443.4,"4,918,900",8443.4,0.0361144175430415,"2008-11-23 00:00:00","2008-11-29 00:00:00",27,-4,-5,-4
2008-12-01,"8,826.90","8,827.10","8,141.40",8149.1,"3,210,100",8149.1,-0.0878758030937298,"2008-11-30 00:00:00","2008-12-06 00:00:00",31,0.666666666666668,2,4
2008-12-08,"8,637.70","9,026.40","8,637.50",8934.2,"3,589,700",8934.2,0.0431665596357056,"2008-12-07 00:00:00","2008-12-13 00:00:00",29,-0.666666666666668,0,-2
2008-12-15,"8,628.80","8,676.30","8,469.00",8564.5,"2,299,400",8564.5,0.00525840111741016,"2008-12-14 00:00:00","2008-12-20 00:00:00",26,-3,-4,-3
2008-12-22,"8,573.40","8,601.40","8,372.00",8519.7,"2,110,900",8519.7,0.0042197574228835,"2008-12-21 00:00:00","2008-12-27 00:00:00",21,-7.66666666666667,-6.5,-5
2008-12-29,"8,515.90","8,530.70","8,364.10",8483.9,"1,537,300",8483.9,-0.0523852606418033,"2008-12-28 00:00:00","2009-01-03 00:00:00",28,2.66666666666667,4.5,7
2009-01-05,"9,027.10","9,034.40","8,892.40",8952.9,"2,337,600",8952.9,0.0565140429549209,"2009-01-04 00:00:00","2009-01-10 00:00:00",32,7,7.5,4
2009-01-12,"8,599.30","8,602.60","8,421.10",8474,"2,735,500",8474,0.0441103992114342,"2009-01-11 00:00:00","2009-01-17 00:00:00",29,2,-1,-3
2009-01-26,"8,078.00","8,231.70","8,023.20",8116,"3,167,200",8116,0.0225783691160164,"2009-01-25 00:00:00","2009-01-31 00:00:00",30,0,1,1
2009-02-02,"8,000.60","8,000.60","7,867.40",7936.8,"2,938,900",7936.8,-0.0403946366175385,"2009-02-01 00:00:00","2009-02-07 00:00:00",32,2.66666666666667,2.5,2
2009-02-09,"8,281.40","8,315.10","8,196.20",8270.9,"2,892,800",8270.9,0.162492269635127,"2009-02-08 00:00:00","2009-02-14 00:00:00",32,1.66666666666667,1,0
2009-02-23,"7,366.00","7,441.00","7,105.90",7114.8,"4,061,500",7114.8,0.051971670634158,"2009-02-22 00:00:00","2009-02-28 00:00:00",33,0.666666666666664,0.5,0
2009-03-02,"7,056.50","7,059.00","6,755.20",6763.3,"5,686,700",6763.3,0.0330222541277818,"2009-03-01 00:00:00","2009-03-07 00:00:00",31,-1.66666666666666,-2,-2
2009-03-09,"6,625.70","6,709.60","6,516.90",6547.1,"3,659,900",6547.1,-0.0928225024248303,"2009-03-08 00:00:00","2009-03-14 00:00:00",29,-3.33333333333334,-3,-2
2009-03-16,"7,225.30","7,392.90","7,206.90",7217,"5,869,700",7217,-0.0718759243303025,"2009-03-15 00:00:00","2009-03-21 00:00:00",29,-2,-1,0
2009-03-23,"7,279.30","7,780.70","7,278.80",7775.9,"5,156,000",7775.9,0.0337543206593991,"2009-03-22 00:00:00","2009-03-28 00:00:00",30,0.333333333333332,1,1
2009-03-30,"7,773.30","7,773.40","7,437.60",7522,"3,832,600",7522,-0.056908938176256,"2009-03-29 00:00:00","2009-04-04 00:00:00",29,-0.333333333333332,-0.5,-1
2009-04-06,"8,016.20","8,016.20","7,862.20",7975.9,"2,474,000",7975.9,-0.0101640646330264,"2009-04-05 00:00:00","2009-04-11 00:00:00",29,-0.333333333333332,-0.5,0
2009-04-13,"8,082.00","8,113.40","7,963.80",8057.8,"4,242,500",8057.8,0.0275577999668439,"2009-04-12 00:00:00","2009-04-18 00:00:00",29,-0.333333333333332,0,0
2009-04-20,"8,128.90","8,128.90","7,840.50",7841.7,"4,536,600",7841.7,-0.0228411214953271,"2009-04-19 00:00:00","2009-04-25 00:00:00",30,1,1,1
2009-04-27,"8,073.80","8,122.60","7,987.20",8025,"2,829,900",8025,-0.0476699063690413,"2009-04-26 00:00:00","2009-05-02 00:00:00",27,-2.33333333333333,-2.5,-3
2009-05-04,"8,213.60","8,434.90","8,213.60",8426.7,"3,544,900",8426.7,0.00093837601558433,"2009-05-03 00:00:00","2009-05-09 00:00:00",27,-1.66666666666667,-1.5,0
2009-05-11,"8,569.20","8,569.20","8,410.30",8418.8,"3,326,300",8418.8,-0.0100304558977435,"2009-05-10 00:00:00","2009-05-16 00:00:00",25,-3,-2,-2
2009-05-18,"8,270.20","8,511.90","8,270.20",8504.1,"2,882,800",8504.1,-0.0249157245396381,"2009-05-17 00:00:00","2009-05-23 00:00:00",26,-0.333333333333332,0,1
2009-06-01,"8,501.50","8,760.70","8,501.30",8721.4,"3,548,300",8721.4,-0.00491756517770559,"2009-05-31 00:00:00","2009-06-06 00:00:00",26,0.666666666666668,0.5,1
2009-06-08,"8,759.40","8,824.00","8,633.10",8764.5,"1,896,300",8764.5,0.0176960323266102,"2009-06-07 00:00:00","2009-06-13 00:00:00",27,1.33333333333333,1.5,1
2009-06-15,"8,798.50","8,798.50","8,577.90",8612.1,"2,302,200",8612.1,0.0327497301834754,"2009-06-14 00:00:00","2009-06-20 00:00:00",26,0,-0.5,-1
2009-06-22,"8,538.50","8,538.80","8,334.60",8339,"2,912,400",8339,-0.0223227894107439,"2009-06-21 00:00:00","2009-06-27 00:00:00",28,1.66666666666667,1.5,2
2009-06-29,"8,440.10","8,533.20","8,429.10",8529.4,"2,164,800",8529.4,0.0245648596379535,"2009-06-28 00:00:00","2009-07-04 00:00:00",28,1,1,0
2009-07-06,"8,280.70","8,328.00","8,206.00",8324.9,"2,069,000",8324.9,-0.000816159967353736,"2009-07-05 00:00:00","2009-07-11 00:00:00",28,0.666666666666668,0,0
2009-07-13,"8,146.50","8,331.70","8,130.40",8331.7,"2,535,200",8331.7,-0.0583734544879184,"2009-07-12 00:00:00","2009-07-18 00:00:00",28,0,0,0
2009-07-20,"8,746.10","8,854.80","8,745.90",8848.2,"2,137,300",8848.2,-0.0285777021463467,"2009-07-19 00:00:00","2009-07-25 00:00:00",27,-1,-1,-1
2009-07-27,"9,093.10","9,123.40","9,034.50",9108.5,"1,768,300",9108.5,-0.0191781706975642,"2009-07-26 00:00:00","2009-08-01 00:00:00",26,-1.66666666666667,-1.5,-1
2009-08-03,"9,173.70","9,298.40","9,173.70",9286.6,"2,216,900",9286.6,-0.00550439066181196,"2009-08-02 00:00:00","2009-08-08 00:00:00",28,1,1.5,2
2009-08-10,"9,368.40","9,372.00","9,290.30",9338,"1,613,700",9338,0.022188652808337,"2009-08-09 00:00:00","2009-08-15 00:00:00",28,1,1,0
2009-08-17,"9,313.90","9,313.90","9,116.50",9135.3,"2,071,000",9135.3,-0.0393299191317973,"2009-08-16 00:00:00","2009-08-22 00:00:00",26,-1.33333333333333,-2,-2
2009-08-24,"9,506.20","9,587.70","9,486.20",9509.3,"1,905,900",9509.3,0.00136895422427674,"2009-08-23 00:00:00","2009-08-29 00:00:00",30,2.66666666666667,3,4
2009-08-31,"9,542.90","9,543.10","9,436.10",9496.3,"2,016,000",9496.3,-0.0135559064278888,"2009-08-30 00:00:00","2009-09-05 00:00:00",26,-2,-2,-4
2009-09-14,"9,598.10","9,631.10","9,536.00",9626.8,"1,964,800",9626.8,-0.015553896655043,"2009-09-13 00:00:00","2009-09-19 00:00:00",27,-0.333333333333332,1,1
2009-09-21,"9,818.60","9,818.70","9,725.90",9778.9,"1,728,300",9778.9,-0.00107258871840976,"2009-09-20 00:00:00","2009-09-26 00:00:00",25,-1.33333333333333,-1.5,-2
2009-09-28,"9,663.20","9,823.70","9,663.20",9789.4,"1,637,800",9789.4,0.0197504114669056,"2009-09-27 00:00:00","2009-10-03 00:00:00",26,0,0,1
2009-10-05,"9,488.70","9,625.10","9,481.10",9599.8,"1,738,500",9599.8,-0.0289303849966619,"2009-10-04 00:00:00","2009-10-10 00:00:00",26,0,0.5,0
2009-10-12,"9,865.20","9,931.80","9,849.40",9885.8,"1,588,500",9885.8,-0.0204514377440005,"2009-10-11 00:00:00","2009-10-17 00:00:00",28,2.33333333333333,2,2
2009-10-19,"9,996.70","10,118.00","9,995.20",10092.2,"1,862,400",10092.2,0.0227199027158493,"2009-10-18 00:00:00","2009-10-24 00:00:00",28,1.33333333333333,1,0
2009-10-26,"9,972.30","10,072.30","9,849.50",9868,"2,700,500",9868,0.00802909269209562,"2009-10-25 00:00:00","2009-10-31 00:00:00",26,-1.33333333333333,-2,-2
2009-11-02,"9,712.10","9,858.60","9,679.00",9789.4,"2,424,600",9789.4,-0.0427793368469429,"2009-11-01 00:00:00","2009-11-07 00:00:00",26,-1.33333333333333,-1,0
2009-11-09,"10,020.60","10,228.20","10,020.60",10226.9,"2,274,700",10226.9,-0.0173056596521572,"2009-11-08 00:00:00","2009-11-14 00:00:00",25,-1.66666666666667,-1,-1
2009-11-16,"10,267.50","10,434.20","10,267.50",10407,"2,025,700",10407,-0.00421012343316429,"2009-11-15 00:00:00","2009-11-21 00:00:00",28,2.33333333333333,2.5,3
2009-11-23,"10,320.10","10,495.60","10,320.10",10451,"1,823,500",10451,0.0102660273760731,"2009-11-22 00:00:00","2009-11-28 00:00:00",25,-1.33333333333333,-1.5,-3
2009-11-30,"10,309.80","10,364.30","10,263.30",10344.8,"2,235,800",10344.8,-0.00435991953879189,"2009-11-29 00:00:00","2009-12-05 00:00:00",28,2,1.5,3
2009-12-07,"10,386.90","10,443.20","10,360.20",10390.1,"1,965,800",10390.1,-0.0105703212044452,"2009-12-06 00:00:00","2009-12-12 00:00:00",25,-2,-1.5,-3
2009-12-14,"10,471.30","10,514.70","10,471.30",10501.1,"1,543,600",10501.1,0.0083540584399997,"2009-12-13 00:00:00","2009-12-19 00:00:00",25,-1,-1.5,0
2009-12-21,"10,330.10","10,458.10","10,329.80",10414.1,"1,644,700",10414.1,-0.0126101013548748,"2009-12-20 00:00:00","2009-12-26 00:00:00",17,-9,-8,-8
2009-12-28,"10,517.90","10,551.60","10,506.30",10547.1,"1,020,100",10547.1,-0.00348639455782307,"2009-12-27 00:00:00","2010-01-02 00:00:00",22,-0.333333333333332,1,5
2010-01-04,"10,430.70","10,605.00","10,430.70",10584,"1,797,800",10584,-0.00750187546886727,"2010-01-03 00:00:00","2010-01-09 00:00:00",27,5.66666666666667,7.5,5
2010-01-11,"10,620.30","10,676.20","10,591.60",10664,"1,820,500",10664,0.0458080396983398,"2010-01-10 00:00:00","2010-01-16 00:00:00",26,4,1.5,-1
2010-01-25,"10,175.10","10,256.90","10,171.80",10196.9,"2,153,300",10196.9,0.00111923813263948,"2010-01-24 00:00:00","2010-01-30 00:00:00",32,5.33333333333333,5.5,5
2010-02-01,"10,069.00","10,190.90","10,068.90",10185.5,"1,984,300",10185.5,0.0279661701182836,"2010-01-31 00:00:00","2010-02-06 00:00:00",34,5.66666666666667,4.5,2
2010-02-08,"10,005.40","10,028.60","9,904.10",9908.4,"2,162,700",9908.4,-0.0457460947281237,"2010-02-07 00:00:00","2010-02-13 00:00:00",30,-1,-3,-4
2010-02-22,"10,402.40","10,433.60","10,369.00",10383.4,"1,584,400",10383.4,-0.00196082200734349,"2010-02-21 00:00:00","2010-02-27 00:00:00",29,-2.66666666666667,-1.5,-2
2010-03-01,"10,326.10","10,414.00","10,326.10",10403.8,"1,737,500",10403.8,-0.0140914475242834,"2010-02-28 00:00:00","2010-03-06 00:00:00",29,-1,-1,0
2010-03-08,"10,563.80","10,587.70","10,542.40",10552.5,"1,717,800",10552.5,-0.00842870834977738,"2010-03-07 00:00:00","2010-03-13 00:00:00",28,-1.66666666666667,-1,-1
2010-03-15,"10,623.40","10,644.20","10,570.50",10642.2,"1,605,700",10642.2,-0.0133229494061691,"2010-03-14 00:00:00","2010-03-20 00:00:00",26,-2.66666666666667,-2.5,-2
2010-03-22,"10,741.00","10,809.90","10,695.10",10785.9,"1,572,000",10785.9,-0.0100955405244174,"2010-03-21 00:00:00","2010-03-27 00:00:00",31,3.33333333333333,4,5
2010-03-29,"10,849.20","10,916.60","10,849.20",10895.9,"1,367,100",10895.9,-0.0070806298753372,"2010-03-28 00:00:00","2010-04-03 00:00:00",26,-2.33333333333333,-2.5,-5
2010-04-05,"10,927.50","10,988.10","10,924.00",10973.6,"1,394,800",10973.6,-0.00294384880974008,"2010-04-04 00:00:00","2010-04-10 00:00:00",28,0.333333333333332,-0.5,2
2010-04-12,"10,996.80","11,029.80","10,992.20",11006,"1,539,600",11006,-0.00776228126324141,"2010-04-11 00:00:00","2010-04-17 00:00:00",29,0.666666666666668,2,1
2010-04-19,"11,018.40","11,095.30","10,977.90",11092.1,"2,148,500",11092.1,-0.0100758589915216,"2010-04-18 00:00:00","2010-04-24 00:00:00",26,-1.66666666666667,-2.5,-3
2010-04-26,"11,205.10","11,258.00","11,187.70",11205,"1,919,200",11205,0.0047705303179757,"2010-04-25 00:00:00","2010-05-01 00:00:00",30,2.33333333333333,2.5,4
2010-05-03,"11,009.60","11,177.70","11,009.60",11151.8,"1,780,800",11151.8,0.0340006119553828,"2010-05-02 00:00:00","2010-05-08 00:00:00",28,-0.333333333333332,0,-2
2010-05-10,"10,386.20","10,835.20","10,386.00",10785.1,"3,133,500",10785.1,0.0149918123811854,"2010-05-09 00:00:00","2010-05-15 00:00:00",27,-1,-2,-1
2010-05-17,"10,617.00","10,661.00","10,436.10",10625.8,"2,219,100",10625.8,0.0555500367552102,"2010-05-16 00:00:00","2010-05-22 00:00:00",24,-4.33333333333333,-3.5,-3
2010-05-24,"10,193.50","10,196.40","10,052.70",10066.6,"2,114,300",10066.6,0.0254775123516529,"2010-05-23 00:00:00","2010-05-29 00:00:00",24,-2.33333333333333,-1.5,0
2010-06-07,"9,931.80","9,982.40","9,810.30",9816.5,"2,229,400",9816.5,-0.0367386589996958,"2010-06-06 00:00:00","2010-06-12 00:00:00",25,1,1,1
2010-06-14,"10,211.80","10,328.70","10,186.20",10190.9,"1,779,200",10190.9,-0.0240845016471309,"2010-06-13 00:00:00","2010-06-19 00:00:00",24,-0.333333333333332,-0.5,-1
2010-06-21,"10,452.50","10,594.20","10,395.60",10442.4,"1,651,900",10442.4,0.0299748483503477,"2010-06-20 00:00:00","2010-06-26 00:00:00",23,-1.33333333333333,-1.5,-1
2010-06-28,"10,143.10","10,201.90","10,101.40",10138.5,"1,641,000",10138.5,-0.00761528146197732,"2010-06-27 00:00:00","2010-07-03 00:00:00",24,0,0.5,1
2010-07-12,"10,199.20","10,220.30","10,146.50",10216.3,"1,314,900",10216.3,0.00609587961868741,"2010-07-11 00:00:00","2010-07-17 00:00:00",22,-0.666666666666668,-0.5,1
2010-07-19,"10,098.10","10,187.30","10,073.70",10154.4,"1,769,700",10154.4,-0.0352480665817926,"2010-07-18 00:00:00","2010-07-24 00:00:00",23,0.666666666666668,1.5,1
2010-07-26,"10,424.20","10,526.80","10,414.40",10525.4,"1,788,200",10525.4,-0.0139586299932549,"2010-07-25 00:00:00","2010-07-31 00:00:00",22,0,-0.5,-1
2010-08-02,"10,468.80","10,692.20","10,468.60",10674.4,"1,676,400",10674.4,-0.00228062960331998,"2010-08-01 00:00:00","2010-08-07 00:00:00",22,-0.333333333333332,-0.5,0
2010-08-09,"10,654.60","10,719.90","10,649.40",10698.8,"1,663,300",10698.8,0.0385167928557562,"2010-08-08 00:00:00","2010-08-14 00:00:00",22,-0.333333333333332,0,0
2010-08-16,"10,303.10","10,333.10","10,209.50",10302,"1,460,400",10302,0.0125412800754836,"2010-08-15 00:00:00","2010-08-21 00:00:00",21,-1,-1,-1
2010-08-23,"10,215.50","10,304.70","10,170.30",10174.4,"1,730,000",10174.4,0.0164540395816057,"2010-08-22 00:00:00","2010-08-28 00:00:00",22,0.333333333333332,0.5,1
2010-08-30,"10,145.60","10,150.60","10,007.70",10009.7,"1,504,800",10009.7,-0.0506823721322824,"2010-08-29 00:00:00","2010-09-04 00:00:00",20,-1.66666666666667,-1.5,-2
2010-09-13,"10,458.60","10,567.60","10,458.60",10544.1,"1,907,200",10544.1,-0.0194818479392947,"2010-09-12 00:00:00","2010-09-18 00:00:00",21,0,0.5,0
2010-09-20,"10,608.10","10,774.10","10,608.10",10753.6,"1,571,200",10753.6,-0.00540140584535698,"2010-09-19 00:00:00","2010-09-25 00:00:00",22,1.33333333333333,1,1
2010-09-27,"10,860.00","10,873.20","10,809.60",10812,"1,439,100",10812,0.005645828876508,"2010-09-26 00:00:00","2010-10-02 00:00:00",22,0.666666666666668,0.5,0
2010-10-04,"10,828.90","10,853.70","10,711.10",10751.3,"1,603,700",10751.3,-0.0235234280628139,"2010-10-03 00:00:00","2010-10-09 00:00:00",23,1.33333333333333,1,1
2010-10-11,"11,006.90","11,030.50","10,977.90",11010.3,"1,148,300",11010.3,-0.0119708893814443,"2010-10-10 00:00:00","2010-10-16 00:00:00",22,-0.333333333333332,-0.5,-1
2010-10-18,"11,062.60","11,159.10","11,054.80",11143.7,"1,902,900",11143.7,-0.00182728567461776,"2010-10-17 00:00:00","2010-10-23 00:00:00",22,-0.333333333333332,-0.5,0
2010-10-25,"11,133.40","11,247.60","11,132.30",11164.1,"1,681,100",11164.1,0.00355068946299197,"2010-10-24 00:00:00","2010-10-30 00:00:00",22,-0.333333333333332,0,0
2010-11-01,"11,120.30","11,244.30","11,062.30",11124.6,"1,501,300",11124.6,-0.024739628993232,"2010-10-31 00:00:00","2010-11-06 00:00:00",24,2,2,2
2010-11-08,"11,439.50","11,439.60","11,362.50",11406.8,"1,439,900",11406.8,0.018282449562578,"2010-11-07 00:00:00","2010-11-13 00:00:00",24,1.33333333333333,1,0
2010-11-15,"11,194.00","11,280.90","11,189.10",11202,"1,556,600",11202,0.0020932853845741,"2010-11-14 00:00:00","2010-11-20 00:00:00",23,-0.333333333333332,-1,-1
2010-11-22,"11,201.70","11,206.10","11,054.50",11178.6,"1,528,500",11178.6,0.01140918344266,"2010-11-21 00:00:00","2010-11-27 00:00:00",17,-6.66666666666667,-6.5,-6
2010-11-29,"11,083.80","11,083.80","10,929.30",11052.5,"1,515,300",11052.5,-0.0272570452905248,"2010-11-28 00:00:00","2010-12-04 00:00:00",23,1.66666666666667,3,6
2010-12-06,"11,381.30","11,392.10","11,350.30",11362.2,"1,222,400",11362.2,-0.00580998547503631,"2010-12-05 00:00:00","2010-12-11 00:00:00",22,1,2,-1
2010-12-13,"11,406.20","11,480.00","11,405.30",11428.6,"1,511,900",11428.6,-0.004312560441188,"2010-12-12 00:00:00","2010-12-18 00:00:00",19,-1.66666666666667,-3.5,-3
2010-12-20,"11,491.30","11,517.10","11,442.70",11478.1,"1,253,600",11478.1,-0.0066551276503678,"2010-12-19 00:00:00","2010-12-25 00:00:00",15,-6.33333333333333,-5.5,-4
2010-12-27,"11,572.80","11,573.20","11,518.40",11555,"768,200",11555,-0.00992219899235691,"2010-12-26 00:00:00","2011-01-01 00:00:00",16,-2.66666666666667,-1,1
2011-01-03,"11,577.40","11,711.50","11,577.40",11670.8,"2,034,200",11670.8,0.00286143931256699,"2011-01-02 00:00:00","2011-01-08 00:00:00",25,8.33333333333333,9.5,9
2011-01-10,"11,672.30","11,677.30","11,573.90",11637.5,"1,503,400",11637.5,-0.0286298568507157,"2011-01-09 00:00:00","2011-01-15 00:00:00",23,4.33333333333333,2.5,-2
2011-01-24,"11,873.40","11,982.90","11,868.00",11980.5,"1,840,000",11980.5,0.00745044946560269,"2011-01-23 00:00:00","2011-01-29 00:00:00",26,2,2.5,2
2011-01-31,"11,824.40","11,891.90","11,817.90",11891.9,"2,065,800",11891.9,-0.0221763583738982,"2011-01-30 00:00:00","2011-02-05 00:00:00",23,-1.33333333333333,-2,-3
2011-02-07,"12,092.40","12,188.80","12,092.30",12161.6,"1,329,600",12161.6,-0.00868913124989812,"2011-02-06 00:00:00","2011-02-12 00:00:00",23,-1.33333333333333,-1.5,0
2011-02-14,"12,266.80","12,276.20","12,235.90",12268.2,"1,463,500",12268.2,0.00342703843354086,"2011-02-13 00:00:00","2011-02-19 00:00:00",25,1,2,2
2011-02-28,"12,130.50","12,235.00","12,130.20",12226.3,"1,995,600",12226.3,0.0112737799834572,"2011-02-27 00:00:00","2011-03-05 00:00:00",23,-1,-1.5,-1
2011-03-07,"12,171.10","12,243.40","12,041.60",12090,"1,762,000",12090,0.00807124036954265,"2011-03-06 00:00:00","2011-03-12 00:00:00",24,0,0.5,1
2011-03-14,"12,042.10","12,042.10","11,897.30",11993.2,"1,630,000",11993.2,-0.00359739126822578,"2011-03-13 00:00:00","2011-03-19 00:00:00",23,-0.666666666666668,-0.5,-1
2011-03-21,"11,860.10","12,078.30","11,860.10",12036.5,"1,433,900",12036.5,-0.0132317857991949,"2011-03-20 00:00:00","2011-03-26 00:00:00",23,-0.333333333333332,-0.5,0
2011-03-28,"12,221.20","12,272.90","12,197.90",12197.9,"1,230,700",12197.9,-0.0162983870967742,"2011-03-27 00:00:00","2011-04-02 00:00:00",23,-0.333333333333332,0,0
2011-04-04,"12,374.60","12,407.40","12,369.20",12400,"1,146,600",12400,0.00152652026071998,"2011-04-03 00:00:00","2011-04-09 00:00:00",26,3,3,3
2011-04-11,"12,380.40","12,444.00","12,352.90",12381.1,"1,099,500",12381.1,0.0147111854183057,"2011-04-10 00:00:00","2011-04-16 00:00:00",32,8,7.5,6
2011-04-18,"12,339.70","12,339.80","12,093.90",12201.6,"1,902,200",12201.6,-0.0222998581719405,"2011-04-17 00:00:00","2011-04-23 00:00:00",29,2,0,-3
2011-04-25,"12,506.00","12,506.20","12,446.10",12479.9,"1,286,600",12479.9,-0.0255711541764917,"2011-04-24 00:00:00","2011-04-30 00:00:00",25,-4,-5.5,-4
2011-05-02,"12,810.20","12,876.00","12,784.60",12807.4,"1,509,600",12807.4,0.00967307070722989,"2011-05-01 00:00:00","2011-05-07 00:00:00",24,-4.66666666666667,-3,-1
2011-05-09,"12,637.80","12,722.10","12,620.20",12684.7,"1,339,400",12684.7,0.010861942558414,"2011-05-08 00:00:00","2011-05-14 00:00:00",23,-3,-1.5,-1
2011-05-16,"12,594.80","12,642.90","12,530.80",12548.4,"1,923,100",12548.4,0.0134961595309055,"2011-05-15 00:00:00","2011-05-21 00:00:00",27,3,3.5,4
2011-05-23,"12,511.40","12,511.40","12,331.80",12381.3,"1,507,200",12381.3,0.0240942928039702,"2011-05-22 00:00:00","2011-05-28 00:00:00",22,-2.66666666666667,-3,-5
2011-06-06,"12,151.20","12,151.50","12,070.70",12090,"1,666,000",12090,0.0114615577679245,"2011-06-05 00:00:00","2011-06-11 00:00:00",22,-2,-0.5,-1
2011-06-13,"11,945.30","12,011.70","11,917.80",11953,"1,533,700",11953,-0.0105460084103175,"2011-06-12 00:00:00","2011-06-18 00:00:00",22,-0.333333333333332,-0.5,0
2011-06-20,"12,004.30","12,099.90","11,971.30",12080.4,"1,272,500",12080.4,0.00305556478129465,"2011-06-19 00:00:00","2011-06-25 00:00:00",23,0.666666666666668,1,1
2011-06-27,"11,934.70","12,098.80","11,934.10",12043.6,"1,779,200",12043.6,-0.0369588510930927,"2011-06-26 00:00:00","2011-07-02 00:00:00",27,4.66666666666667,4.5,4
2011-07-11,"12,655.60","12,655.80","12,470.30",12505.8,"1,332,500",12505.8,0.00973742854374571,"2011-07-10 00:00:00","2011-07-16 00:00:00",47,21.3333333333333,20,20
2011-07-18,"12,475.10","12,475.30","12,296.20",12385.2,"1,489,500",12385.2,-0.0164856108252334,"2011-07-17 00:00:00","2011-07-23 00:00:00",49,15.3333333333333,12,2
2011-07-25,"12,679.70","12,680.00","12,536.20",12592.8,"1,287,600",12592.8,0.0379394189161344,"2011-07-24 00:00:00","2011-07-30 00:00:00",100,59,52,51
2011-08-01,"12,144.20","12,282.40","11,998.10",12132.5,"1,828,200",12132.5,0.122350808055579,"2011-07-31 00:00:00","2011-08-06 00:00:00",100,34.6666666666667,25.5,0
2011-08-08,"11,433.90","11,434.10","10,809.90",10809.9,"4,799,800",10809.9,-0.0586088879986763,"2011-08-07 00:00:00","2011-08-13 00:00:00",40,-43,-60,-60
2011-08-15,"11,269.90","11,484.60","11,269.90",11482.9,"1,881,200",11482.9,0.0578735478640588,"2011-08-14 00:00:00","2011-08-20 00:00:00",29,-51,-41,-11
2011-08-22,"10,820.40","11,020.60","10,820.40",10854.7,"2,267,200",10854.7,-0.0593276888546098,"2011-08-21 00:00:00","2011-08-27 00:00:00",27,-29.3333333333333,-7.5,-2
2011-08-29,"11,286.70","11,541.80","11,286.60",11539.3,"1,775,400",11539.3,0.0432325898870816,"2011-08-28 00:00:00","2011-09-03 00:00:00",35,3,7,8
2011-09-12,"10,990.00","11,062.00","10,824.80",11061.1,"1,971,600",11061.1,-0.0298131742829576,"2011-09-11 00:00:00","2011-09-17 00:00:00",32,-1.33333333333334,-4.5,-6
2011-09-19,"11,506.80","11,506.80","11,255.30",11401,"1,575,800",11401,0.0323345919466855,"2011-09-18 00:00:00","2011-09-24 00:00:00",32,-3,-3,0
2011-09-26,"10,771.80","11,057.50","10,771.80",11043.9,"2,256,200",11043.9,0.0364701134646608,"2011-09-25 00:00:00","2011-10-01 00:00:00",31,-3,-1,-1
2011-10-03,"10,912.10","10,979.20","10,653.30",10655.3,"2,428,700",10655.3,-0.0680386943287969,"2011-10-02 00:00:00","2011-10-08 00:00:00",28,-3.66666666666667,-3.5,-3
2011-10-10,"11,104.60","11,433.30","11,104.60",11433.2,"1,442,700",11433.2,0.00317627445819091,"2011-10-09 00:00:00","2011-10-15 00:00:00",27,-3.33333333333333,-2.5,-1
2011-10-17,"11,643.40","11,643.40","11,378.40",11397,"1,403,600",11397,-0.0433622078968574,"2011-10-16 00:00:00","2011-10-22 00:00:00",28,-0.666666666666668,0.5,1
2011-10-24,"11,808.00","11,940.80","11,805.80",11913.6,"1,618,700",11913.6,-0.00346298619824337,"2011-10-23 00:00:00","2011-10-29 00:00:00",29,1.33333333333333,1.5,1
2011-10-31,"12,229.20","12,229.30","11,954.40",11955,"1,857,900",11955,-0.00939644029034503,"2011-10-30 00:00:00","2011-11-05 00:00:00",27,-1,-1.5,-2
2011-11-07,"11,983.00","12,074.40","11,880.70",12068.4,"1,221,100",12068.4,-0.000877556089080245,"2011-11-06 00:00:00","2011-11-12 00:00:00",26,-2,-2,-1
2011-11-14,"12,153.00","12,170.60","12,027.00",12079,"1,196,100",12079,0.0460453958934124,"2011-11-13 00:00:00","2011-11-19 00:00:00",26,-1.33333333333333,-0.5,0
2011-11-21,"11,795.60","11,795.70","11,454.10",11547.3,"1,709,600",11547.3,0.00210882582660754,"2011-11-20 00:00:00","2011-11-26 00:00:00",24,-2.33333333333333,-2,-2
2011-11-28,"11,232.50","11,562.10","11,232.20",11523,"2,049,500",11523,-0.0475127709170262,"2011-11-27 00:00:00","2011-12-03 00:00:00",26,0.666666666666668,1,2
2011-12-05,"12,021.50","12,186.50","12,021.50",12097.8,"1,538,300",12097.8,0.00635533298950208,"2011-12-04 00:00:00","2011-12-10 00:00:00",27,1.66666666666667,2,1
2011-12-12,"12,181.10","12,181.40","11,940.90",12021.4,"1,490,500",12021.4,0.0216805622838105,"2011-12-11 00:00:00","2011-12-17 00:00:00",25,-0.666666666666668,-1.5,-2
2011-12-19,"11,866.50","11,925.90","11,735.20",11766.3,"1,351,700",11766.3,-0.0505458858844321,"2011-12-18 00:00:00","2011-12-24 00:00:00",19,-7,-7,-6
2012-01-09,"12,359.30","12,409.10","12,333.90",12392.7,"1,222,000",12392.7,-0.0248725292710562,"2012-01-08 00:00:00","2012-01-14 00:00:00",26,5,4,2
2012-01-23,"12,720.30","12,764.50","12,665.80",12708.8,"1,498,600",12708.8,0.00435445758947961,"2012-01-22 00:00:00","2012-01-28 00:00:00",32,6.66666666666667,6,6
2012-01-30,"12,659.20","12,659.30","12,529.40",12653.7,"1,304,300",12653.7,-0.0149006235840904,"2012-01-29 00:00:00","2012-02-04 00:00:00",27,-1,-2,-5
2012-02-06,"12,860.70","12,860.80","12,793.40",12845.1,"1,080,400",12845.1,-0.00224483455025626,"2012-02-05 00:00:00","2012-02-11 00:00:00",25,-3.33333333333333,-4.5,-2
2012-02-13,"12,799.10","12,887.90","12,799.10",12874,"1,122,400",12874,-0.00828101529099101,"2012-02-12 00:00:00","2012-02-18 00:00:00",25,-3,-1,0
2012-02-27,"12,981.10","13,027.50","12,882.60",12981.5,"1,435,300",12981.5,0.00144258956398313,"2012-02-26 00:00:00","2012-03-03 00:00:00",24,-1,-1,-1
2012-03-05,"12,977.30","12,977.30","12,883.90",12962.8,"1,086,300",12962.8,0.000239203067972094,"2012-03-04 00:00:00","2012-03-10 00:00:00",24,-0.666666666666668,-0.5,0
2012-03-12,"12,920.60","12,976.40","12,920.00",12959.7,"1,000,000",12959.7,-0.0211041536056076,"2012-03-11 00:00:00","2012-03-17 00:00:00",21,-3.33333333333333,-3,-3
2012-03-19,"13,231.90","13,269.70","13,208.60",13239.1,"1,471,200",13239.1,-0.000188798936684442,"2012-03-18 00:00:00","2012-03-24 00:00:00",22,-1,-0.5,1
2012-03-26,"13,082.60","13,243.90","13,082.40",13241.6,"1,220,800",13241.6,-0.00172641260507367,"2012-03-25 00:00:00","2012-03-31 00:00:00",22,-0.333333333333332,0.5,0
2012-04-02,"13,211.40","13,297.10","13,153.70",13264.5,"1,087,900",13264.5,0.0259018067070906,"2012-04-01 00:00:00","2012-04-07 00:00:00",21,-0.666666666666668,-1,-1
2012-04-09,"13,057.60","13,057.70","12,903.80",12929.6,"1,055,800",12929.6,0.000634606157227546,"2012-04-08 00:00:00","2012-04-14 00:00:00",23,1.33333333333333,1.5,2
2012-04-16,"12,850.90","12,986.80","12,850.80",12921.4,"1,209,900",12921.4,-0.00044866637787,"2012-04-15 00:00:00","2012-04-21 00:00:00",23,1,1,0
2012-04-23,"13,028.20","13,028.20","12,845.60",12927.2,"1,393,700",12927.2,-0.0216746382514984,"2012-04-22 00:00:00","2012-04-28 00:00:00",25,2.66666666666667,2,2
2012-04-30,"13,228.30","13,228.80","13,176.00",13213.6,"1,278,700",13213.6,0.0157666141369106,"2012-04-29 00:00:00","2012-05-05 00:00:00",23,-0.666666666666668,-1,-2
2012-05-07,"13,035.90","13,049.10","12,970.00",13008.5,"1,100,800",13008.5,0.0246624761724719,"2012-05-06 00:00:00","2012-05-12 00:00:00",21,-2.66666666666667,-3,-2
2012-05-14,"12,818.50","12,818.90","12,661.50",12695.4,"1,431,900",12695.4,0.0152665040585389,"2012-05-13 00:00:00","2012-05-19 00:00:00",24,1,2,3
2012-05-21,"12,369.20","12,508.10","12,367.70",12504.5,"1,421,100",12504.5,0.0333016568194024,"2012-05-20 00:00:00","2012-05-26 00:00:00",22,-0.666666666666668,-0.5,-2
2012-06-04,"12,119.90","12,143.70","12,035.10",12101.5,"1,264,400",12101.5,-0.0249532680159856,"2012-06-03 00:00:00","2012-06-09 00:00:00",20,-1.66666666666667,-0.5,1
2012-06-11,"12,553.80","12,650.50","12,398.50",12411.2,"1,210,600",12411.2,-0.0259460986673781,"2012-06-10 00:00:00","2012-06-16 00:00:00",20,-0.333333333333332,0.5,0
2012-06-18,"12,767.00","12,781.90","12,696.20",12741.8,"1,112,800",12741.8,0.019123869244243,"2012-06-17 00:00:00","2012-06-23 00:00:00",19,-0.666666666666668,-1,-1
2012-06-25,"12,639.80","12,639.90","12,458.00",12502.7,"1,340,900",12502.7,-0.0286449026523921,"2012-06-24 00:00:00","2012-06-30 00:00:00",20,0.333333333333332,0.5,1
2012-07-02,"12,879.70","12,902.10","12,795.50",12871.4,"1,096,400",12871.4,0.0106074762686181,"2012-07-01 00:00:00","2012-07-07 00:00:00",18,-1.66666666666667,-1.5,-2
2012-07-09,"12,772.00","12,772.00","12,686.60",12736.3,"1,001,500",12736.3,0.000715004085737547,"2012-07-08 00:00:00","2012-07-14 00:00:00",20,1,1,2
2012-07-16,"12,776.30","12,779.60","12,690.10",12727.2,"935,000",12727.2,0.000448060370239478,"2012-07-15 00:00:00","2012-07-21 00:00:00",20,0.666666666666668,1,0
2012-07-23,"12,820.50","12,820.50","12,583.40",12721.5,"1,377,600",12721.5,-0.0268874780081083,"2012-07-22 00:00:00","2012-07-28 00:00:00",19,-0.333333333333332,-1,-1
2012-07-30,"13,075.40","13,128.60","13,042.90",13073,"917,300",13073,-0.00339241471316942,"2012-07-29 00:00:00","2012-08-04 00:00:00",20,0.333333333333332,0.5,1
2012-08-06,"13,099.90","13,187.30","13,099.70",13117.5,"842,700",13117.5,-0.00394095402979633,"2012-08-05 00:00:00","2012-08-11 00:00:00",20,0.333333333333332,0.5,0
2012-08-13,"13,204.90","13,205.00","13,112.90",13169.4,"675,500",13169.4,-0.00770065402815034,"2012-08-12 00:00:00","2012-08-18 00:00:00",22,2.33333333333333,2,2
2012-08-20,"13,274.60","13,276.20","13,230.10",13271.6,"875,900",13271.6,0.0111926367840789,"2012-08-19 00:00:00","2012-08-25 00:00:00",21,0.333333333333332,0,-1
2012-08-27,"13,157.70","13,176.20","13,115.50",13124.7,"960,700",13124.7,-0.00977795885108967,"2012-08-26 00:00:00","2012-09-01 00:00:00",26,5,4.5,5
2012-09-10,"13,308.60","13,324.10","13,251.40",13254.3,"1,238,100",13254.3,-0.0220466166412113,"2012-09-09 00:00:00","2012-09-15 00:00:00",26,-0.666666666666668,-3.5,-7
2012-09-17,"13,588.60","13,593.20","13,526.70",13553.1,"1,280,200",13553.1,-0.000427763314133078,"2012-09-16 00:00:00","2012-09-22 00:00:00",26,-2.33333333333333,-3.5,0
2012-09-24,"13,577.90","13,601.90","13,521.70",13558.9,"1,203,700",13558.9,0.00324081952778732,"2012-09-23 00:00:00","2012-09-29 00:00:00",24,-4.33333333333333,-2,-2
2012-10-01,"13,437.70","13,598.30","13,437.70",13515.1,"1,061,200",13515.1,-0.00505017042484746,"2012-09-30 00:00:00","2012-10-06 00:00:00",28,2.66666666666667,3,4
2012-10-08,"13,589.30","13,610.40","13,552.10",13583.7,"713,000",13583.7,0.0118815273908315,"2012-10-07 00:00:00","2012-10-13 00:00:00",25,-1,-1,-3
2012-10-15,"13,329.50","13,437.70","13,325.90",13424.2,"1,148,800",13424.2,0.00586697038041661,"2012-10-14 00:00:00","2012-10-20 00:00:00",27,1.33333333333333,0.5,2
2012-10-22,"13,344.30","13,368.60","13,235.20",13345.9,"1,218,800",13345.9,0.0178075714590769,"2012-10-21 00:00:00","2012-10-27 00:00:00",28,1.33333333333333,2,1
2012-11-05,"13,092.30","13,140.60","13,038.70",13112.4,"953,500",13112.4,0.0231991947000023,"2012-11-04 00:00:00","2012-11-10 00:00:00",38,12,12.5,15
2012-11-12,"12,815.90","12,861.30","12,783.00",12815.1,"623,600",12815.1,0.00149265395436071,"2012-11-11 00:00:00","2012-11-17 00:00:00",26,-3.66666666666667,-4.5,-12
2012-11-19,"12,590.20","12,796.20","12,590.20",12796,"1,369,100",12796,-0.013217761463362,"2012-11-18 00:00:00","2012-11-24 00:00:00",19,-10,-13,-7
2012-11-26,"13,008.50","13,008.50","12,900.20",12967.4,"1,143,600",12967.4,0.000138828901091959,"2012-11-25 00:00:00","2012-12-01 00:00:00",24,-3.66666666666667,1.5,5
2012-12-03,"13,027.70","13,087.30","12,959.40",12965.6,"1,129,000",12965.6,-0.0155126462615509,"2012-12-02 00:00:00","2012-12-08 00:00:00",25,2,3.5,1
2012-12-10,"13,154.90","13,195.40","13,139.10",13169.9,"1,185,300",13169.9,-0.00494884929809447,"2012-12-09 00:00:00","2012-12-15 00:00:00",21,-1.66666666666667,-3.5,-4
2012-12-17,"13,135.20","13,244.30","13,134.60",13235.4,"1,429,800",13235.4,0.00734460266841208,"2012-12-16 00:00:00","2012-12-22 00:00:00",17,-6.33333333333333,-6,-4
2012-12-24,"13,190.20","13,190.40","13,128.60",13138.9,"477,100",13138.9,0.00265565738967188,"2012-12-23 00:00:00","2012-12-29 00:00:00",16,-5,-3,-1
2012-12-31,"12,938.20","13,109.10","12,883.90",13104.1,"1,457,400",13104.1,-0.0209349760540334,"2012-12-30 00:00:00","2013-01-05 00:00:00",26,8,9.5,10
2013-01-07,"13,436.10","13,436.10","13,343.30",13384.3,"1,131,200",13384.3,-0.00910618702479404,"2013-01-06 00:00:00","2013-01-12 00:00:00",25,5.33333333333333,4,-1
2013-01-14,"13,488.40","13,520.20","13,459.80",13507.3,"1,184,600",13507.3,-0.0269847787406623,"2013-01-13 00:00:00","2013-01-19 00:00:00",28,5.66666666666667,2.5,3
2013-01-28,"13,896.00","13,915.70","13,862.60",13881.9,"1,135,700",13881.9,0.000129682062809389,"2013-01-27 00:00:00","2013-02-02 00:00:00",24,-1.66666666666667,-2,0
2013-02-04,"14,009.80","14,009.80","13,866.80",13880.1,"1,304,200",13880.1,-0.00652055657352268,"2013-02-03 00:00:00","2013-02-09 00:00:00",22,-3.33333333333333,-2,-2
2013-02-11,"13,993.00","13,993.00","13,940.40",13971.2,"750,900",13971.2,0.0135662570189057,"2013-02-10 00:00:00","2013-02-16 00:00:00",22,-1.33333333333333,-1,0
2013-02-25,"14,000.60","14,081.60","13,784.00",13784.2,"1,521,900",13784.2,-0.0243208425940343,"2013-02-24 00:00:00","2013-03-02 00:00:00",24,2.33333333333333,2.5,3
2013-03-04,"14,089.70","14,128.20","14,030.40",14127.8,"1,108,100",14127.8,-0.022114858831754,"2013-03-03 00:00:00","2013-03-09 00:00:00",22,-0.333333333333332,-0.5,-2
2013-03-11,"14,397.10","14,448.10","14,373.30",14447.3,"948,800",14447.3,-0.000332131662526658,"2013-03-10 00:00:00","2013-03-16 00:00:00",21,-1.33333333333333,-2,-1
2013-03-18,"14,514.10","14,521.60","14,404.20",14452.1,"1,196,400",14452.1,0.000297623167541117,"2013-03-17 00:00:00","2013-03-23 00:00:00",20,-2.33333333333333,-1.5,-1
2013-03-25,"14,512.00","14,563.80","14,395.00",14447.8,"1,248,400",14447.8,-0.00858442725881603,"2013-03-24 00:00:00","2013-03-30 00:00:00",20,-1,-0.5,0
2013-04-01,"14,578.50","14,605.70","14,531.50",14572.9,"914,000",14572.9,-0.00277825298525336,"2013-03-31 00:00:00","2013-04-06 00:00:00",21,0.666666666666668,1,1
2013-04-08,"14,565.30","14,613.50","14,497.80",14613.5,"1,066,800",14613.5,0.00097950572634109,"2013-04-07 00:00:00","2013-04-13 00:00:00",21,0.666666666666668,0.5,0
2013-04-15,"14,865.10","14,865.10","14,598.60",14599.2,"1,616,800",14599.2,0.00219671590971493,"2013-04-14 00:00:00","2013-04-20 00:00:00",20,-0.666666666666668,-1,-1
2013-04-22,"14,547.50","14,588.80","14,457.60",14567.2,"1,468,900",14567.2,-0.0169784328015763,"2013-04-21 00:00:00","2013-04-27 00:00:00",21,0.333333333333332,0.5,1
2013-04-29,"14,712.60","14,845.00","14,712.60",14818.8,"970,600",14818.8,-0.0100274569273627,"2013-04-28 00:00:00","2013-05-04 00:00:00",21,0.333333333333332,0.5,0
2013-05-06,"14,974.00","14,988.90","14,941.10",14968.9,"1,161,600",14968.9,-0.00813692294439994,"2013-05-05 00:00:00","2013-05-11 00:00:00",20,-0.666666666666668,-1,-1
2013-05-13,"15,113.40","15,113.40","15,053.50",15091.7,"942,800",15091.7,-0.0158849191082012,"2013-05-12 00:00:00","2013-05-18 00:00:00",19,-1.66666666666667,-1.5,-1
2013-05-20,"15,348.30","15,391.80","15,314.20",15335.3,"1,164,200",15335.3,0.00532974957388221,"2013-05-19 00:00:00","2013-05-25 00:00:00",17,-3,-2.5,-2
2013-06-03,"15,123.60","15,254.10","15,123.60",15254,"1,479,800",15254,0.00101059152415583,"2013-06-02 00:00:00","2013-06-08 00:00:00",17,-0.666666666666668,0,0
2013-06-10,"15,247.80","15,300.60","15,211.30",15238.6,"942,500",15238.6,0.00386695564529416,"2013-06-09 00:00:00","2013-06-15 00:00:00",17,0,0,0
2013-06-17,"15,078.70","15,261.70","15,078.70",15179.9,"1,392,500",15179.9,0.0354921007394471,"2013-06-16 00:00:00","2013-06-22 00:00:00",16,-1,-1,-1
2013-06-24,"14,795.80","14,795.80","14,551.30",14659.6,"1,586,700",14659.6,-0.0210617696160267,"2013-06-23 00:00:00","2013-06-29 00:00:00",16,-0.666666666666668,-0.5,0
2013-07-01,"14,911.60","15,083.30","14,911.60",14975,"1,205,700",14975,-0.0164009799864694,"2013-06-30 00:00:00","2013-07-06 00:00:00",14,-2.33333333333333,-2,-2
2013-07-08,"15,137.20","15,262.70","15,137.20",15224.7,"1,368,200",15224.7,-0.0167653687929062,"2013-07-07 00:00:00","2013-07-13 00:00:00",17,1.66666666666667,2,3
2013-07-15,"15,459.70","15,509.50","15,455.80",15484.3,"994,300",15484.3,-0.00394323795800744,"2013-07-14 00:00:00","2013-07-20 00:00:00",18,2.33333333333333,2.5,1
2013-07-22,"15,544.00","15,576.20","15,516.20",15545.6,"1,809,200",15545.6,0.0015204226259502,"2013-07-21 00:00:00","2013-07-27 00:00:00",17,0.666666666666668,-0.5,-1
2013-07-29,"15,557.10","15,557.10","15,482.30",15522,"872,400",15522,-0.00577116467355454,"2013-07-28 00:00:00","2013-08-03 00:00:00",17,-0.333333333333332,-0.5,0
2013-08-05,"15,652.00","15,655.20","15,584.80",15612.1,"768,500",15612.1,0.0124775449587216,"2013-08-04 00:00:00","2013-08-10 00:00:00",18,0.666666666666668,1,1
2013-08-12,"15,415.20","15,441.80","15,359.90",15419.7,"780,600",15419.7,0.0272472303090463,"2013-08-11 00:00:00","2013-08-17 00:00:00",17,-0.333333333333332,-0.5,-1
2013-08-19,"15,076.80","15,106.40","15,005.40",15010.7,"1,116,600",15010.7,0.00429531997457611,"2013-08-18 00:00:00","2013-08-24 00:00:00",17,-0.333333333333332,-0.5,0
2013-08-26,"15,014.60","15,050.00","14,945.20",14946.5,"1,028,200",14946.5,-0.00774077049212984,"2013-08-25 00:00:00","2013-08-31 00:00:00",17,-0.333333333333332,0,0
2013-09-09,"14,927.20","15,088.40","14,927.20",15063.1,"906,600",15063.1,-0.0278609598058703,"2013-09-08 00:00:00","2013-09-14 00:00:00",18,1.33333333333333,1.5,2
2013-09-16,"15,381.40","15,549.90","15,381.40",15494.8,"1,057,400",15494.8,0.00606438375732066,"2013-09-15 00:00:00","2013-09-21 00:00:00",21,4,4,3
2013-09-23,"15,452.30","15,467.00","15,368.30",15401.4,"949,200",15401.4,0.0179580560090418,"2013-09-22 00:00:00","2013-09-28 00:00:00",23,4.66666666666667,3.5,2
2013-09-30,"15,249.80","15,249.80","15,086.70",15129.7,"1,223,300",15129.7,0.0129551023687418,"2013-09-29 00:00:00","2013-10-05 00:00:00",36,15.3333333333333,14,13
2013-10-07,"15,069.30","15,069.30","14,920.80",14936.2,"796,200",14936.2,-0.0238607177167952,"2013-10-06 00:00:00","2013-10-12 00:00:00",46,19.3333333333333,16.5,10
2013-10-14,"15,231.30","15,309.50","15,136.40",15301.3,"814,200",15301.3,-0.00590558854484746,"2013-10-13 00:00:00","2013-10-19 00:00:00",56,21,15,10
2013-10-21,"15,401.30","15,410.20","15,362.70",15392.2,"936,600",15392.2,-0.0113495494222455,"2013-10-20 00:00:00","2013-10-26 00:00:00",25,-21,-26,-31
2013-10-28,"15,569.20","15,599.10","15,533.50",15568.9,"927,600",15568.9,-0.00449002245650654,"2013-10-27 00:00:00","2013-11-02 00:00:00",21,-21.3333333333333,-19.5,-4
2013-11-04,"15,621.20","15,658.90","15,588.48",15639.12,"712,000",15639.12,NA,"2013-11-03 00:00:00","2013-11-09 00:00:00",21,-13,-2,0
